rank,stadium,capacity,region,country,city,images,home_team,location
1.0,Rungrado 1st of May Stadium,114000.0,East Asia,North Korea,Pyongyang,https://upload.wikimedia.org/wikipedia/commons/thumb/0/0a/No-image-available.png/480px-No-image-available.png,"Korea DPR national football team, Korea DPR women's national football team, April 25","[39.0496732, 125.7753215119]"
2.0,Michigan Stadium,107601.0,North America,United States,"Ann Arbor, Michigan",https://upload.wikimedia.org/wikipedia/commons/thumb/0/0a/No-image-available.png/480px-No-image-available.png,Michigan Wolverines football,"[42.2658652, -83.7486837676]"
3.0,Ohio Stadium,102780.0,North America,United States,"Columbus, Ohio",https://upload.wikimedia.org/wikipedia/commons/thumb/0/0a/No-image-available.png/480px-No-image-available.png,Ohio State Buckeyes football,"[40.00164575, -83.0197374422]"
4.0,Melbourne Cricket Ground,100024.0,Oceania,Australia,"Melbourne, Victoria",https://upload.wikimedia.org/wikipedia/commons/thumb/0/0a/No-image-available.png/480px-No-image-available.png,"Australia national cricket team, Victoria cricket team, Melbourne Cricket Club, Melbourne Stars, Melbourne FC, Richmond FC, Collingwood FC, Hawthorn FC","[-37.819909, 144.9832250067]"
5.0,Camp Nou,99354.0,Europe,Spain,"Barcelona, Catalonia",https://upload.wikimedia.org/wikipedia/commons/thumb/0/0a/No-image-available.png/480px-No-image-available.png,FC Barcelona,"[41.3808046, 2.1158872]"
6.0,Estadio Azteca,95500.0,North America,Mexico,Mexico City,https://upload.wikimedia.org/wikipedia/commons/thumb/0/0a/No-image-available.png/480px-No-image-available.png,"Club América, Cruz Azul, Mexico national football team","[19.3029794, -99.1504699526]"
7.0,FNB Stadium,94736.0,Africa,South Africa,"Johannesburg, Gauteng",https://upload.wikimedia.org/wikipedia/commons/thumb/0/0a/No-image-available.png/480px-No-image-available.png,"South Africa national football team, Kaizer Chiefs","[-26.23470625, 27.9826439004]"
8.0,New Administrative Capital Stadium,93940.0,Africa,Egypt,New Administrative Capital,https://upload.wikimedia.org/wikipedia/commons/thumb/0/0a/No-image-available.png/480px-No-image-available.png,Egypt national football team,"[29.8921738, 31.6732269881]"
9.0,Rose Bowl Stadium,92800.0,North America,United States,"Pasadena, California",https://upload.wikimedia.org/wikipedia/commons/thumb/0/0a/No-image-available.png/480px-No-image-available.png,UCLA Bruins,"[34.16134915, -118.1676673983]"
10.0,Cotton Bowl Stadium,92100.0,North America,United States,"Dallas, Texas",https://upload.wikimedia.org/wikipedia/commons/thumb/0/0a/No-image-available.png/480px-No-image-available.png,,"[32.77961185, -96.759602529]"
11.0,Wembley Stadium,90000.0,Europe,England,"London, England",https://upload.wikimedia.org/wikipedia/commons/thumb/0/0a/No-image-available.png/480px-No-image-available.png,England national football team,"[51.55606945, -0.2796033938]"
12.0,Lusail Stadium,88966.0,West Asia,Qatar,Lusail,https://upload.wikimedia.org/wikipedia/commons/thumb/0/0a/No-image-available.png/480px-No-image-available.png,Qatar national football team,"[25.4209062, 51.4904783538]"
13.0,Bukit Jalil National Stadium,87411.0,Southeast Asia,Malaysia,Kuala Lumpur,https://upload.wikimedia.org/wikipedia/commons/thumb/0/0a/No-image-available.png/480px-No-image-available.png,Malaysia national football team,"[3.0546755, 101.6913690326]"
14.0,Borg el-Arab Stadium,86000.0,Africa,Egypt,Alexandria,https://upload.wikimedia.org/wikipedia/commons/thumb/0/0a/No-image-available.png/480px-No-image-available.png,"Egypt national football team, Al Ittihad, Smouha","[30.9994696, 29.7294321536]"
15.0,Estadio Santiago Bernabéu,85000.0,Europe,Spain,Madrid,https://upload.wikimedia.org/wikipedia/commons/thumb/0/0a/No-image-available.png/480px-No-image-available.png,Real Madrid,"[40.4530225, -3.6874219587]"
16.0,Estadio Mâs Monumental,84567.0,South America,Argentina,Buenos Aires,https://upload.wikimedia.org/wikipedia/commons/thumb/0/0a/No-image-available.png/480px-No-image-available.png,"Argentina national football team, River Plate","[-34.54529325, -58.4497385229]"
17.0,Stadium Australia,83500.0,Oceania,Australia,"Sydney, New South Wales",https://upload.wikimedia.org/wikipedia/commons/thumb/0/0a/No-image-available.png/480px-No-image-available.png,"South Sydney Rabbitohs, Canterbury-Bankstown Bulldogs, New South Wales Blues, New South Wales Waratahs, Australia men's national soccer team, Australia national rugby union team","[-33.8471082, 151.0633848447]"
18.0,MetLife Stadium,82500.0,North America,United States,"East Rutherford, New Jersey",https://upload.wikimedia.org/wikipedia/commons/thumb/0/0a/No-image-available.png/480px-No-image-available.png,"New York Giants, New York Jets, United States men's national soccer team","[40.81352375, -74.0734007489]"
19.0,Croke Park,82300.0,Europe,Ireland,Dublin,https://upload.wikimedia.org/wikipedia/commons/thumb/0/0a/No-image-available.png/480px-No-image-available.png,"Gaelic Athletic Association, Dublin GAA","[53.36035755, -6.2509811826]"
20.0,Jakarta International Stadium,82000.0,Southeast Asia,Indonesia,Jakarta,https://upload.wikimedia.org/wikipedia/commons/thumb/0/0a/No-image-available.png/480px-No-image-available.png,"Persija Jakarta, Indonesia national football team","[-6.12507475, 106.860200959]"
21.0,Lambeau Field,81441.0,North America,United States,"Green Bay, Wisconsin",https://upload.wikimedia.org/wikipedia/commons/thumb/0/0a/No-image-available.png/480px-No-image-available.png,Green Bay Packers,"[44.50095825, -88.0610340438]"
22.0,SIGNAL IDUNA PARK,81365.0,Europe,Germany,Dortmund,https://upload.wikimedia.org/wikipedia/commons/thumb/0/0a/No-image-available.png/480px-No-image-available.png,Borussia Dortmund,"[51.4924922, 7.4518548509]"
23.0,Stade de France,81338.0,Europe,France,Saint-Denis,https://upload.wikimedia.org/wikipedia/commons/thumb/0/0a/No-image-available.png/480px-No-image-available.png,France national football team,"[48.92447255, 2.3601325227]"
24.0,Grand Sports Arena of the Luzhniki Olympic Complex,81000.0,Europe,Russia,Moscow,https://upload.wikimedia.org/wikipedia/commons/thumb/0/0a/No-image-available.png/480px-No-image-available.png,,"[55.7157445, 37.5537672987]"
25.0,Shah Alam Stadium,80372.0,Southeast Asia,Malaysia,"Shah Alam, Selangor",https://upload.wikimedia.org/wikipedia/commons/thumb/0/0a/No-image-available.png/480px-No-image-available.png,Selangor FA,"[3.0838218, 101.5456258304]"
26.0,Estadio Monumental,80093.0,South America,Peru,Lima,https://upload.wikimedia.org/wikipedia/commons/thumb/0/0a/No-image-available.png/480px-No-image-available.png,Club Universitario de Deportes,"[-12.05564735, -76.9353339221]"
27.0,Stadio Giuseppe Meazza,80018.0,Europe,Italy,"Milan, Lombardy",https://upload.wikimedia.org/wikipedia/commons/thumb/0/0a/No-image-available.png/480px-No-image-available.png,AC Milan and Internazionale,"[45.47820035, 9.1239639933]"
28.0,Guangdong Olympic Stadium,80012.0,East Asia,China,"Guangzhou, Guangdong",https://upload.wikimedia.org/wikipedia/commons/thumb/0/0a/No-image-available.png/480px-No-image-available.png,,"[23.13803625, 113.403429629]"
29.0,Hangzhou Olympic Sports Expo Centre Stadium,80000.0,East Asia,China,"Hangzhou, Zhejiang",https://upload.wikimedia.org/wikipedia/commons/thumb/0/0a/No-image-available.png/480px-No-image-available.png,,"[30.2317101, 120.2254883983]"
30.0,AT&T Stadium,80000.0,North America,United States,"Arlington, Texas",https://upload.wikimedia.org/wikipedia/commons/thumb/0/0a/No-image-available.png/480px-No-image-available.png,"Dallas Cowboys, FC Dallas","[32.74785025, -97.0928337074]"
31.0,Stade des Martyrs,80000.0,Africa,DR Congo,Kinshasa,https://upload.wikimedia.org/wikipedia/commons/thumb/0/0a/No-image-available.png/480px-No-image-available.png,Congo DR national football team,"[-5.92806305, 22.3096029605]"
32.0,Stade Tata Raphaël,80000.0,Africa,DR Congo,Kinshasa,https://upload.wikimedia.org/wikipedia/commons/thumb/0/0a/No-image-available.png/480px-No-image-available.png,"AS Vita Club, DC Motema Pembe","[-4.3379266, 15.3226297196]"
33.0,National Sports Stadium,80000.0,Africa,Zimbabwe,Harare,https://upload.wikimedia.org/wikipedia/commons/thumb/0/0a/No-image-available.png/480px-No-image-available.png,Zimbabwe national football team,"[-17.82141495, 30.9950735131]"
34.0,Moi International Sports Centre,80000.0,Africa,Kenya,Nairobi,https://upload.wikimedia.org/wikipedia/commons/thumb/0/0a/No-image-available.png/480px-No-image-available.png,Kenya national football team,"[-1.2275475, 36.890181982]"
35.0,Beijing National Stadium,80000.0,East Asia,China,Beijing,https://upload.wikimedia.org/wikipedia/commons/thumb/0/0a/No-image-available.png/480px-No-image-available.png,,"[40.0160281, 116.3713841339]"
36.0,Stade Léopold Sédar Senghor,80000.0,Africa,Senegal,Dakar,https://upload.wikimedia.org/wikipedia/commons/thumb/0/0a/No-image-available.png/480px-No-image-available.png,"Senegal national football team, ASC Jeanne d'Arc","[14.74677165, -17.4519140387]"
37.0,Maracanã,78838.0,South America,Brazil,"Rio de Janeiro, Rio de Janeiro",https://upload.wikimedia.org/wikipedia/commons/thumb/0/0a/No-image-available.png/480px-No-image-available.png,"CR Flamengo, Fluminense FC, Botafogo FR, CR Vasco da Gama","[-22.91216195, -43.23118606]"
38.0,Los Angeles Memorial Coliseum,78467.0,North America,United States,"Los Angeles, California",https://upload.wikimedia.org/wikipedia/commons/thumb/0/0a/No-image-available.png/480px-No-image-available.png,USC Trojans,"[34.0139923, -118.2880286485]"
39.0,Azadi Stadium,78116.0,West Asia,Iran,Tehran,https://upload.wikimedia.org/wikipedia/commons/thumb/0/0a/No-image-available.png/480px-No-image-available.png,"Iran national football team, Esteghlal FC, Persepolis FC","[35.7244962, 51.2755487216]"
40.0,Stadion Utama Gelora Bung Karno,77193.0,Southeast Asia,Indonesia,Jakarta,https://upload.wikimedia.org/wikipedia/commons/thumb/0/0a/No-image-available.png/480px-No-image-available.png,"Indonesia national football team,","[-6.21853605, 106.8026353197]"
41.0,Caesar's Superdome,76468.0,North America,United States,"New Orleans, Louisiana",https://upload.wikimedia.org/wikipedia/commons/thumb/0/0a/No-image-available.png/480px-No-image-available.png,"New Orleans Saints, Sugar Bowl",
42.0,Arrowhead Stadium,76412.0,North America,United States,"Kansas City, Missouri",https://upload.wikimedia.org/wikipedia/commons/thumb/0/0a/No-image-available.png/480px-No-image-available.png,Kansas City Chiefs,"[39.0751128, -78.191289]"
43.0,Empower Field,76125.0,North America,United States,Denver,https://upload.wikimedia.org/wikipedia/commons/thumb/0/0a/No-image-available.png/480px-No-image-available.png,Denver Broncos,"[39.743952, -105.0192228124]"
44.0,Atatürk Olimpiyat Stadyumu,76092.0,Europe,Turkey,Istanbul,https://upload.wikimedia.org/wikipedia/commons/thumb/0/0a/No-image-available.png/480px-No-image-available.png,,"[41.0744732, 28.7656610517]"
45.0,Old Trafford,76000.0,Europe,England,"Manchester, North West England",https://upload.wikimedia.org/wikipedia/commons/thumb/0/0a/No-image-available.png/480px-No-image-available.png,Manchester United,"[53.46310955, -2.2913864851]"
46.0,Allianz Arena,75024.0,Europe,Germany,Munich,https://upload.wikimedia.org/wikipedia/commons/thumb/0/0a/No-image-available.png/480px-No-image-available.png,FC Bayern Munich,"[48.21880845, 11.6246637626]"
47.0,Naghsh-e-Jahan Stadium,75000.0,West Asia,Iran,Isfahan,https://upload.wikimedia.org/wikipedia/commons/thumb/0/0a/No-image-available.png/480px-No-image-available.png,Sepahan FC,"[32.74245575, 51.6861810122]"
48.0,Bank of America Stadium,74867.0,North America,United States,"Charlotte, North Carolina",https://upload.wikimedia.org/wikipedia/commons/thumb/0/0a/No-image-available.png/480px-No-image-available.png,"Charlotte FC, Carolina Panthers","[35.225737, -80.852766641]"
49.0,Millennium Stadium,74500.0,Europe,Wales,Cardiff,https://upload.wikimedia.org/wikipedia/commons/thumb/0/0a/No-image-available.png/480px-No-image-available.png,Wales national football team,"[51.47824845, -3.1826255902]"
50.0,Olympiastadion,74475.0,Europe,Germany,Berlin,https://upload.wikimedia.org/wikipedia/commons/thumb/0/0a/No-image-available.png/480px-No-image-available.png,Hertha BSC,"[52.5145846, 13.2398144178]"
51.0,Cairo International Stadium,74100.0,Africa,Egypt,Cairo,https://upload.wikimedia.org/wikipedia/commons/thumb/0/0a/No-image-available.png/480px-No-image-available.png,"Egypt national football team, Al Ahly, Zamalek","[30.0691151, 31.3122063805]"
52.0,FirstEnergy Stadium,73200.0,North America,United States,Cleveland,https://upload.wikimedia.org/wikipedia/commons/thumb/0/0a/No-image-available.png/480px-No-image-available.png,Cleveland Browns,"[41.5060559, -81.6997118453]"
53.0,Estádio Nacional Mané Garrincha,72788.0,South America,Brazil,"Brasília, Distrito Federal",https://upload.wikimedia.org/wikipedia/commons/thumb/0/0a/No-image-available.png/480px-No-image-available.png,"Brasília FC, Legião FC","[-15.7837498, -47.8990287459]"
54.0,Stadio Olimpico,72698.0,Europe,Italy,"Rome, Lazio",https://upload.wikimedia.org/wikipedia/commons/thumb/0/0a/No-image-available.png/480px-No-image-available.png,"AS Roma, Lazio","[41.93394235, 12.4547704971]"
55.0,Nissan Stadium,72327.0,East Asia,Japan,"Yokohama, Kanagawa",https://upload.wikimedia.org/wikipedia/commons/thumb/0/0a/No-image-available.png/480px-No-image-available.png,"Yokohama F. Marinos, Yokohama Eagles","[35.5099882, 139.6063825439]"
56.0,NRG Stadium,72220.0,North America,United States,"Houston, Texas",https://upload.wikimedia.org/wikipedia/commons/thumb/0/0a/No-image-available.png/480px-No-image-available.png,"Houston Texans, Houston Dynamo FC","[29.6848581, -95.4108014533]"
57.0,Shanghai Stadium,72000.0,East Asia,China,Shanghai,https://upload.wikimedia.org/wikipedia/commons/thumb/0/0a/No-image-available.png/480px-No-image-available.png,Shanghai Shenhua,"[31.1833432, 121.4373709436]"
58.0,M&T Bank Stadium,71008.0,North America,United States,Baltimore,https://upload.wikimedia.org/wikipedia/commons/thumb/0/0a/No-image-available.png/480px-No-image-available.png,Baltimore Ravens,"[39.2779734, -76.6226651155]"
59.0,Mercedes-Benz Stadium,71000.0,North America,United States,"Atlanta, Georgia",https://upload.wikimedia.org/wikipedia/commons/thumb/0/0a/No-image-available.png/480px-No-image-available.png,"Atlanta United FC, Atlanta Falcons","[33.7554123, -84.40084932]"
60.0,Olympic National Sports Complex Stadium,70000.0,Europe,Ukraine,Kyiv,https://upload.wikimedia.org/wikipedia/commons/thumb/0/0a/No-image-available.png/480px-No-image-available.png,"Ukraine national football team, FC Dynamo Kyiv","[50.43339675, 30.5230174439]"
61.0,SoFi Stadium,70000.0,North America,United States,"Inglewood, California",https://upload.wikimedia.org/wikipedia/commons/thumb/0/0a/No-image-available.png/480px-No-image-available.png,,"[33.95340735, -118.3390098103]"
62.0,Seoul Olympic Stadium,69950.0,East Asia,South Korea,Seoul,https://upload.wikimedia.org/wikipedia/commons/thumb/0/0a/No-image-available.png/480px-No-image-available.png,,"[37.51586315, 127.0727891376]"
63.0,Bakı Olimpiya stadionu,69870.0,West Asia,Azerbaijan,Baku,https://upload.wikimedia.org/wikipedia/commons/thumb/0/0a/No-image-available.png/480px-No-image-available.png,Azerbaijan national football team,"[40.429982, 49.9195309983]"
64.0,Olympic Stadium,69618.0,Europe,Greece,"Marousi, Attica",https://upload.wikimedia.org/wikipedia/commons/thumb/0/0a/No-image-available.png/480px-No-image-available.png,Greece national football team,"[38.0325514, 23.7944433]"
65.0,Olympiastadion München,69250.0,Europe,Germany,Munich,https://upload.wikimedia.org/wikipedia/commons/thumb/0/0a/No-image-available.png/480px-No-image-available.png,,"[48.1731314, 11.5464786354]"
66.0,Lumen Field,69000.0,North America,United States,"Seattle, Washington",https://upload.wikimedia.org/wikipedia/commons/thumb/0/0a/No-image-available.png/480px-No-image-available.png,"Seattle Sounders FC, Seattle Seahawks","[47.5953459, -122.331644312]"
67.0,Estadio Olímpico Universitario,68954.0,North America,Mexico,Mexico City,https://upload.wikimedia.org/wikipedia/commons/thumb/0/0a/No-image-available.png/480px-No-image-available.png,UNAM Pumas,"[19.33175425, -99.1922849722]"
68.0,Gillette Stadium,68756.0,North America,United States,"Foxborough, Massachusetts",https://upload.wikimedia.org/wikipedia/commons/thumb/0/0a/No-image-available.png/480px-No-image-available.png,"New England Patriots, New England Revolution","[42.0912526, -71.2644646106]"
69.0,King Abdullah Sports City Stadium,68560.0,West Asia,Saudi Arabia,Jeddah,https://upload.wikimedia.org/wikipedia/commons/thumb/0/0a/No-image-available.png/480px-No-image-available.png,"Saudi Arabia national football team, Al-Ahli Saudi FC, Al-Ittihad Saudi Club","[26.37904815, 43.947717239]"
70.0,Lincoln Financial Field,68532.0,North America,United States,Philadelphia,https://upload.wikimedia.org/wikipedia/commons/thumb/0/0a/No-image-available.png/480px-No-image-available.png,"Philadelphia Eagles, Temple Owls football","[39.9009099, -75.1674891561]"
71.0,Levi's Stadium,68500.0,North America,United States,"Santa Clara, California",https://upload.wikimedia.org/wikipedia/commons/thumb/0/0a/No-image-available.png/480px-No-image-available.png,San Francisco 49ers,"[37.40315825, -121.9698314443]"
72.0,Acrisure Stadium,68400.0,North America,United States,Pittsburgh,https://upload.wikimedia.org/wikipedia/commons/thumb/0/0a/No-image-available.png/480px-No-image-available.png,"Pittsburgh Steelers, Pittsburgh Panthers football","[40.4467166, -80.0157456433]"
73.0,Gazprom Arena,68134.0,Europe,Russia,Saint Petersburg,https://upload.wikimedia.org/wikipedia/commons/thumb/0/0a/No-image-available.png/480px-No-image-available.png,FC Zenit Saint Petersburg,"[59.9723766, 30.2210607516]"
74.0,Salt Lake Stadium,68000.0,South Asia,India,Kolkata,https://upload.wikimedia.org/wikipedia/commons/thumb/0/0a/No-image-available.png/480px-No-image-available.png,"India national football team, Mohun Bagan Super Giant, East Bengal FC, Mohammedan SC","[22.5731115, 88.4030891]"
75.0,National Stadium,68000.0,East Asia,Japan,Tokyo,https://upload.wikimedia.org/wikipedia/commons/thumb/0/0a/No-image-available.png/480px-No-image-available.png,,"[35.67785955, 139.7135142001]"
76.0,TIAA Bank Field,67814.0,North America,United States,"Jacksonville, Florida",https://upload.wikimedia.org/wikipedia/commons/thumb/0/0a/No-image-available.png/480px-No-image-available.png,Jacksonville Jaguars,"[30.32398105, -81.6373045703]"
77.0,Cívitas Metropolitano,70460.0,Europe,Spain,Madrid,https://upload.wikimedia.org/wikipedia/commons/thumb/0/0a/No-image-available.png/480px-No-image-available.png,Atlético de Madrid,"[40.43605295, -3.5997158097]"
78.0,Orange Vélodrome,67394.0,Europe,France,Marseille,https://upload.wikimedia.org/wikipedia/commons/thumb/0/0a/No-image-available.png/480px-No-image-available.png,Olympique de Marseille,"[43.26983495, 5.3959116641]"
79.0,Puskás Aréna,67215.0,Europe,Hungary,Budapest,https://upload.wikimedia.org/wikipedia/commons/thumb/0/0a/No-image-available.png/480px-No-image-available.png,Hungary national football team,"[47.50310895, 19.0980508921]"
80.0,Scottish Gas Murrayfield Stadium,67144.0,Europe,Scotland,Edinburgh,https://upload.wikimedia.org/wikipedia/commons/thumb/0/0a/No-image-available.png/480px-No-image-available.png,Scotland national rugby union team,"[55.94231325, -3.2408950928]"
81.0,Lucas Oil Stadium,67000.0,North America,United States,"Indianapolis, Indiana",https://upload.wikimedia.org/wikipedia/commons/thumb/0/0a/No-image-available.png/480px-No-image-available.png,Indianapolis Colts,"[39.7590621, -86.1638376105]"
82.0,MorumBIS,66975.0,South America,Brazil,"São Paulo, São Paulo",https://upload.wikimedia.org/wikipedia/commons/thumb/0/0a/No-image-available.png/480px-No-image-available.png,São Paulo FC,"[-23.60005845, -46.7201583473]"
83.0,The Dome,66965.0,North America,United States,St. Louis,https://upload.wikimedia.org/wikipedia/commons/thumb/0/0a/No-image-available.png/480px-No-image-available.png,St. Louis BattleHawks,"[40.8596617, -112.506627]"
84.0,Yadegar-e-Emam Stadium,66833.0,West Asia,Iran,Tabriz,https://upload.wikimedia.org/wikipedia/commons/thumb/0/0a/No-image-available.png/480px-No-image-available.png,Tractor Sazi FC,"[38.0738612, 46.2978789]"
85.0,Seoul World Cup Stadium,66704.0,East Asia,South Korea,Seoul,https://upload.wikimedia.org/wikipedia/commons/thumb/0/0a/No-image-available.png/480px-No-image-available.png,FC Seoul,"[37.5683021, 126.8972476647]"
86.0,US Bank Stadium,66655.0,North America,United States,Minneapolis,https://upload.wikimedia.org/wikipedia/commons/thumb/0/0a/No-image-available.png/480px-No-image-available.png,Minnesota Vikings,"[44.97361545, -93.2574662827]"
87.0,Daegu Stadium,66422.0,East Asia,South Korea,Daegu,https://upload.wikimedia.org/wikipedia/commons/thumb/0/0a/No-image-available.png/480px-No-image-available.png,Daegu FC,"[35.8297517, 128.6901254233]"
88.0,Workers' Stadium,66161.0,East Asia,China,Beijing,https://upload.wikimedia.org/wikipedia/commons/thumb/0/0a/No-image-available.png/480px-No-image-available.png,"Beijing Guoan, China national football team","[39.92951015, 116.4409951805]"
89.0,London Stadium,66000.0,Europe,England,London,https://upload.wikimedia.org/wikipedia/commons/thumb/0/0a/No-image-available.png/480px-No-image-available.png,West Ham United,"[51.53862065, -0.016623759]"
90.0,Raymond James Stadium,65847.0,North America,United States,"Tampa, Florida",https://upload.wikimedia.org/wikipedia/commons/thumb/0/0a/No-image-available.png/480px-No-image-available.png,"Tampa Bay Buccaneers, South Florida Bulls football, Tampa Bay Vipers","[27.97597925, -82.5042179967]"
91.0,Hard Rock Stadium,65326.0,North America,United States,"Miami Gardens, Florida",https://upload.wikimedia.org/wikipedia/commons/thumb/0/0a/No-image-available.png/480px-No-image-available.png,"Miami Dolphins, Miami Hurricanes football","[25.95790315, -80.2400191953]"
92.0,Olympic Stadium,65255.0,North America,Canada,"Montreal, Quebec",https://upload.wikimedia.org/wikipedia/commons/thumb/0/0a/No-image-available.png/480px-No-image-available.png,CF Montréal,"[45.55779835, -73.5516458052]"
93.0,Basra International Stadium,65227.0,West Asia,Iraq,Basra,https://upload.wikimedia.org/wikipedia/commons/thumb/0/0a/No-image-available.png/480px-No-image-available.png,Iraq national football team,"[30.4399273, 47.7798634136]"
94.0,Camping World Stadium,65000.0,North America,United States,"Orlando, Florida",https://upload.wikimedia.org/wikipedia/commons/thumb/0/0a/No-image-available.png/480px-No-image-available.png,,"[28.5390623, -81.4027485784]"
95.0,Alamodome,65000.0,North America,United States,San Antonio,https://upload.wikimedia.org/wikipedia/commons/thumb/0/0a/No-image-available.png/480px-No-image-available.png,UTSA Roadrunners football,"[29.4168923, -98.4788948757]"
96.0,Ford Field,65000.0,North America,United States,Detroit,https://upload.wikimedia.org/wikipedia/commons/thumb/0/0a/No-image-available.png/480px-No-image-available.png,Detroit Lions,"[42.33995675, -83.045616574]"
97.0,Stade Ibn Battuta,65000.0,Africa,Morocco,Tangier,https://upload.wikimedia.org/wikipedia/commons/thumb/0/0a/No-image-available.png/480px-No-image-available.png,IR Tanger,"[35.74124485, -5.8580756424]"
98.0,Estádio do Sport Lisboa e Benfica,64642.0,Europe,Portugal,Lisbon,https://upload.wikimedia.org/wikipedia/commons/thumb/0/0a/No-image-available.png/480px-No-image-available.png,Benfica,"[38.7526893, -9.1846898818]"
99.0,Stade du 5-juillet-1962,64000.0,Africa,Algeria,Algiers,https://upload.wikimedia.org/wikipedia/commons/thumb/0/0a/No-image-available.png/480px-No-image-available.png,Algeria national football team,"[36.75951425, 2.9952724128]"
100.0,Castelão,63903.0,South America,Brazil,"Fortaleza, Ceará",https://upload.wikimedia.org/wikipedia/commons/thumb/0/0a/No-image-available.png/480px-No-image-available.png,"Ceará SC, Fortaleza EC","[-3.80674195, -38.5216794073]"
101.0,Saitama Stadium 2002,63700.0,East Asia,Japan,Saitama,https://upload.wikimedia.org/wikipedia/commons/thumb/0/0a/No-image-available.png/480px-No-image-available.png,"Urawa Red Diamonds, Saitama Wild Knights","[35.90308, 139.7168256211]"
102.0,Ellis Park Stadium,62567.0,Africa,South Africa,"Johannesburg, Gauteng",https://upload.wikimedia.org/wikipedia/commons/thumb/0/0a/No-image-available.png/480px-No-image-available.png,"Orlando Pirates FC, Emirates Johannesburg Lions","[-26.19747885, 28.0607682379]"
103.0,Tottenham Hotspur Stadium,62303.0,Europe,England,London,https://upload.wikimedia.org/wikipedia/commons/thumb/0/0a/No-image-available.png/480px-No-image-available.png,Tottenham Hotspur,"[51.604157, -0.06626041]"
104.0,VELTINS-Arena,62271.0,Europe,Germany,Gelsenkirchen,https://upload.wikimedia.org/wikipedia/commons/thumb/0/0a/No-image-available.png/480px-No-image-available.png,FC Schalke 04,"[51.55459375, 7.067600069]"
105.0,Yizhong Sports Centre Stadium,62000.0,East Asia,China,"Qingdao, Shandong",https://upload.wikimedia.org/wikipedia/commons/thumb/0/0a/No-image-available.png/480px-No-image-available.png,Qingdao Jonoon FC,"[36.0637967, 120.3192081]"
106.0,Estádio Governador Magalhães Pinto,61846.0,South America,Brazil,"Belo Horizonte, Minas Gerais",https://upload.wikimedia.org/wikipedia/commons/thumb/0/0a/No-image-available.png/480px-No-image-available.png,"Atlético Mineiro, Cruzeiro EC","[-19.8659115, -43.9710434043]"
107.0,King Fahd International Stadium,61781.0,West Asia,Saudi Arabia,Riyadh,https://upload.wikimedia.org/wikipedia/commons/thumb/0/0a/No-image-available.png/480px-No-image-available.png,"Saudi Arabia national football team, Al-Hilal, Al-Nassr, Al-Shabab","[24.7885806, 46.8391448601]"
108.0,Soldier Field,61500.0,North America,United States,Chicago,https://upload.wikimedia.org/wikipedia/commons/thumb/0/0a/No-image-available.png/480px-No-image-available.png,Chicago Bears,"[41.86245145, -87.616715147]"
109.0,Nanjing Olympic Sports Centre Stadium,61443.0,East Asia,China,"Nanjing, Jiangsu",https://upload.wikimedia.org/wikipedia/commons/thumb/0/0a/No-image-available.png/480px-No-image-available.png,,"[32.01068245, 118.7197542541]"
110.0,Anfield,65000.0,Europe,England,"Liverpool, England",https://upload.wikimedia.org/wikipedia/commons/thumb/0/0a/No-image-available.png/480px-No-image-available.png,Liverpool FC,"[53.43091645, -2.9609313526]"
111.0,Estadio Benito Villamarín,60720.0,Europe,Spain,Seville,https://upload.wikimedia.org/wikipedia/commons/thumb/0/0a/No-image-available.png/480px-No-image-available.png,Real Betis,"[37.35653545, -5.9817565562]"
112.0,Abuja Stadium,60491.0,Africa,Nigeria,Abuja,https://upload.wikimedia.org/wikipedia/commons/thumb/0/0a/No-image-available.png/480px-No-image-available.png,Nigeria national football team,"[9.0643305, 7.4892974]"
113.0,MHPArena,60469.0,Europe,Germany,Stuttgart,https://upload.wikimedia.org/wikipedia/commons/thumb/0/0a/No-image-available.png/480px-No-image-available.png,VfB Stuttgart,"[48.8911701, 9.1824201572]"
114.0,Celtic Park,60411.0,Europe,Scotland,Glasgow,https://upload.wikimedia.org/wikipedia/commons/thumb/0/0a/No-image-available.png/480px-No-image-available.png,Celtic FC,"[55.85018145, -4.2068226877]"
115.0,Estadio de la UNSA,60370.0,South America,Peru,Arequipa,https://upload.wikimedia.org/wikipedia/commons/thumb/0/0a/No-image-available.png/480px-No-image-available.png,FBC Melgar,"[-16.4073043, -71.5204685386]"
116.0,Emirates Stadium,60338.0,Europe,England,London,https://upload.wikimedia.org/wikipedia/commons/thumb/0/0a/No-image-available.png/480px-No-image-available.png,Arsenal,"[51.55504035, -0.1083996709]"
117.0,Shenzhen Universiade Sports Centre Stadium,60334.0,East Asia,China,"Shenzhen, Guangdong",https://upload.wikimedia.org/wikipedia/commons/thumb/0/0a/No-image-available.png/480px-No-image-available.png,,"[22.6969481, 114.2123339271]"
118.0,Estadio Centenario,60235.0,South America,Uruguay,Montevideo,https://upload.wikimedia.org/wikipedia/commons/thumb/0/0a/No-image-available.png/480px-No-image-available.png,Uruguay national football team,"[-34.89453925, -56.1526840941]"
119.0,Estádio José do Rego Maciel,60044.0,South America,Brazil,"Recife, Pernambuco",https://upload.wikimedia.org/wikipedia/commons/thumb/0/0a/No-image-available.png/480px-No-image-available.png,Santa Cruz FC,"[-8.0268093, -34.8911966745]"
120.0,Al-Bayt Stadium,60000.0,West Asia,Qatar,Al-Khor,https://upload.wikimedia.org/wikipedia/commons/thumb/0/0a/No-image-available.png/480px-No-image-available.png,,"[25.6521339, 51.4878054731]"
121.0,Benjamin Mkapa National Stadium,60000.0,Africa,Tanzania,Dar es-Salaam,https://upload.wikimedia.org/wikipedia/commons/thumb/0/0a/No-image-available.png/480px-No-image-available.png,"Tanzania national football team, Young Africans","[-6.85357465, 39.2732934737]"
122.0,Hefei Olympic Sports Centre Stadium,60000.0,East Asia,China,"Hefei, Anhui",https://upload.wikimedia.org/wikipedia/commons/thumb/0/0a/No-image-available.png/480px-No-image-available.png,Anhui Jiufang,"[31.797877, 117.2226120308]"
123.0,Jaber al-Ahmad International Stadium,60000.0,West Asia,Kuwait,Kuwait City,https://upload.wikimedia.org/wikipedia/commons/thumb/0/0a/No-image-available.png/480px-No-image-available.png,Kuwait national football team,"[29.27146495, 47.9187755027]"
124.0,Hammadi Agrebi Stadium,60000.0,Africa,Tunisia,Tunis,https://upload.wikimedia.org/wikipedia/commons/thumb/0/0a/No-image-available.png/480px-No-image-available.png,Tunisia national football team,"[36.74777165, 10.2731399862]"
125.0,Jawaharlal Nehru Stadium,60000.0,South Asia,India,New Delhi,https://upload.wikimedia.org/wikipedia/commons/thumb/0/0a/No-image-available.png/480px-No-image-available.png,,"[28.58337705, 77.2335404029]"
126.0,Mogadishu Stadium,60000.0,Africa,Somalia,Mogadishu,https://upload.wikimedia.org/wikipedia/commons/thumb/0/0a/No-image-available.png/480px-No-image-available.png,Somalia national football team,"[2.06746715, 45.335464789]"
127.0,National Heroes Stadium,60000.0,Africa,Zambia,Lusaka,https://upload.wikimedia.org/wikipedia/commons/thumb/0/0a/No-image-available.png/480px-No-image-available.png,Zambian national football team,"[-15.3695067, 28.2737420222]"
128.0,Odi Stadium,60000.0,Africa,South Africa,"Mabopane, Gauteng",https://upload.wikimedia.org/wikipedia/commons/thumb/0/0a/No-image-available.png/480px-No-image-available.png,,"[-25.5216914, 28.040565091]"
129.0,Morodok Techo National Stadium,60000.0,Southeast Asia,Cambodia,Phnom Penh,https://upload.wikimedia.org/wikipedia/commons/thumb/0/0a/No-image-available.png/480px-No-image-available.png,Cambodia national football team,"[11.68297715, 104.8763078275]"
130.0,Shenyang Olympic Sports Centre Stadium,60000.0,East Asia,China,"Shenyang, Liaoning",https://upload.wikimedia.org/wikipedia/commons/thumb/0/0a/No-image-available.png/480px-No-image-available.png,,"[41.73911265, 123.4574420308]"
131.0,Optus Stadium,60000.0,Oceania,Australia,"Perth, Western Australia",https://upload.wikimedia.org/wikipedia/commons/thumb/0/0a/No-image-available.png/480px-No-image-available.png,"Perth Glory FC, Fremantle Dockers, West Coast Eagles","[-31.9510448, 115.8890756277]"
132.0,Estadio Monumental Isidro Romero Carbo,59283.0,South America,Ecuador,Guayaquil,https://upload.wikimedia.org/wikipedia/commons/thumb/0/0a/No-image-available.png/480px-No-image-available.png,Barcelona Sporting Club,"[-2.18582235, -79.9249700465]"
133.0,Groupama Stadium,59186.0,Europe,France,Décines-Charpieu,https://upload.wikimedia.org/wikipedia/commons/thumb/0/0a/No-image-available.png/480px-No-image-available.png,Olympique Lyonnais,"[45.7653624, 4.9820543111]"
134.0,Chongqing Olympic Sports Centre Stadium,58680.0,East Asia,China,Chongqing,https://upload.wikimedia.org/wikipedia/commons/thumb/0/0a/No-image-available.png/480px-No-image-available.png,,"[29.52863975, 106.5021602895]"
135.0,Stadion Narodowy,58580.0,Europe,Poland,Warsaw,https://upload.wikimedia.org/wikipedia/commons/thumb/0/0a/No-image-available.png/480px-No-image-available.png,Poland national football team,"[52.2399367, 21.0452877037]"
136.0,Stadio San Nicola,58270.0,Europe,Italy,"Bari, Apulia",https://upload.wikimedia.org/wikipedia/commons/thumb/0/0a/No-image-available.png/480px-No-image-available.png,SSC Bari,"[41.0847276, 16.8400848978]"
137.0,Commanders Field,58000.0,North America,United States,"Landover, Maryland",https://upload.wikimedia.org/wikipedia/commons/thumb/0/0a/No-image-available.png/480px-No-image-available.png,Washington Commanders,"[38.9077002, -76.8633260869]"
138.0,Deutsche Bank Park,58000.0,Europe,Germany,Frankfurt,https://upload.wikimedia.org/wikipedia/commons/thumb/0/0a/No-image-available.png/480px-No-image-available.png,Eintracht Frankfurt,"[50.06861025, 8.6454153842]"
139.0,Estadio La Cartuja de Sevilla,57619.0,Europe,Spain,Seville,https://upload.wikimedia.org/wikipedia/commons/thumb/0/0a/No-image-available.png/480px-No-image-available.png,,"[37.41723525, -6.0046133617]"
140.0,Carter–Finley Stadium,57583.0,North America,United States,"Raleigh, North Carolina",https://upload.wikimedia.org/wikipedia/commons/thumb/0/0a/No-image-available.png/480px-No-image-available.png,NC State Wolfpack football,"[35.80084645, -78.7196045158]"
141.0,Estadio Alberto J. Armando,57200.0,South America,Argentina,Buenos Aires,https://upload.wikimedia.org/wikipedia/commons/thumb/0/0a/No-image-available.png/480px-No-image-available.png,CA Boca Juniors,"[-34.63551715, -58.3649163269]"
142.0,Volksparkstadion,57030.0,Europe,Germany,Hamburg,https://upload.wikimedia.org/wikipedia/commons/thumb/0/0a/No-image-available.png/480px-No-image-available.png,Hamburger SV,"[53.5871535, 9.8987055537]"
143.0,Estadio Mario Alberto Kempes,57000.0,South America,Argentina,Córdoba,https://upload.wikimedia.org/wikipedia/commons/thumb/0/0a/No-image-available.png/480px-No-image-available.png,"Talleres de Córdoba, some Belgrano de Córdoba matches.","[-31.36884685, -64.2461450792]"
144.0,Jinan Olympic Sports Centre Stadium,56808.0,East Asia,China,"Jinan, Shandong",https://upload.wikimedia.org/wikipedia/commons/thumb/0/0a/No-image-available.png/480px-No-image-available.png,Shandong Taishan,"[36.65637625, 117.110232194]"
145.0,Estadio Jalisco,56713.0,North America,Mexico,"Guadalajara, Jalisco",https://upload.wikimedia.org/wikipedia/commons/thumb/0/0a/No-image-available.png/480px-No-image-available.png,Atlas,"[20.70477005, -103.3276846189]"
146.0,Commonwealth Stadium,56302.0,North America,Canada,"Edmonton, Alberta",https://upload.wikimedia.org/wikipedia/commons/thumb/0/0a/No-image-available.png/480px-No-image-available.png,"Edmonton Elks, Canadian men's and women's national teams","[53.55970035, -113.4776475019]"
147.0,Dodger Stadium,56000.0,North America,United States,Los Angeles,https://upload.wikimedia.org/wikipedia/commons/thumb/0/0a/No-image-available.png/480px-No-image-available.png,Los Angeles Dodgers,"[34.0736263, -118.2389758157]"
148.0,Stade du 19-mai-1956,56000.0,Africa,Algeria,Annaba,https://upload.wikimedia.org/wikipedia/commons/thumb/0/0a/No-image-available.png/480px-No-image-available.png,USM Annaba,"[36.8858603, 7.7330747274]"
149.0,Estadi Olímpic Lluís Companys,55926.0,Europe,Spain,"Barcelona, Catalonia",https://upload.wikimedia.org/wikipedia/commons/thumb/0/0a/No-image-available.png/480px-No-image-available.png,,"[41.36472, 2.155645097]"
150.0,Arena do Grêmio,55662.0,South America,Brazil,"Porto Alegre, Rio Grande do Sul",https://upload.wikimedia.org/wikipedia/commons/thumb/0/0a/No-image-available.png/480px-No-image-available.png,Grêmio FBPA,"[-29.97404295, -51.1951073494]"
151.0,Arena Națională,55634.0,Europe,Romania,Bucharest,https://upload.wikimedia.org/wikipedia/commons/thumb/0/0a/No-image-available.png/480px-No-image-available.png,Romania national football team,"[44.4372494, 26.1524757717]"
152.0,Stadion Rajko Mitić,55538.0,Europe,Serbia,Belgrade,https://upload.wikimedia.org/wikipedia/commons/thumb/0/0a/No-image-available.png/480px-No-image-available.png,"Red Star Belgrade, Serbia national football team","[44.78322025, 20.4646750509]"
153.0,Stadion Śląski,55211.0,Europe,Poland,Chorzów,https://upload.wikimedia.org/wikipedia/commons/thumb/0/0a/No-image-available.png/480px-No-image-available.png,"Poland national football team, Ruch Chorzów","[50.28824565, 18.9734993195]"
154.0,Etihad Stadium,55097.0,Europe,England,"Manchester, North West England",https://upload.wikimedia.org/wikipedia/commons/thumb/0/0a/No-image-available.png/480px-No-image-available.png,Manchester City,"[53.48309105, -2.2002520023]"
155.0,Mestalla,55000.0,Europe,Spain,Valencia,https://upload.wikimedia.org/wikipedia/commons/thumb/0/0a/No-image-available.png/480px-No-image-available.png,Valencia CF,"[39.4745279, -0.3581566362]"
156.0,National Stadium,55000.0,Southeast Asia,Singapore,Singapore,https://upload.wikimedia.org/wikipedia/commons/thumb/0/0a/No-image-available.png/480px-No-image-available.png,Singapore national football team,"[1.30449095, 103.8743437185]"
157.0,National Stadium,55000.0,East Asia,Taiwan,Kaohsiung,https://upload.wikimedia.org/wikipedia/commons/thumb/0/0a/No-image-available.png/480px-No-image-available.png,Chinese Taipei national football team,"[22.70285345, 120.2936331003]"
158.0,He Long Stadium,55000.0,East Asia,China,"Changsha, Hunan",https://upload.wikimedia.org/wikipedia/commons/thumb/0/0a/No-image-available.png/480px-No-image-available.png,,"[28.181759, 112.9773896965]"
159.0,Cape Town Stadium,55000.0,Africa,South Africa,"Cape Town, Western Cape",https://upload.wikimedia.org/wikipedia/commons/thumb/0/0a/No-image-available.png/480px-No-image-available.png,"Cape Town City FC, DHL Western Cape Stormers","[-33.9034601, 18.4111458249]"
160.0,Plovdiv Stadium,55000.0,Europe,Bulgaria,Plovdiv,https://upload.wikimedia.org/wikipedia/commons/thumb/0/0a/No-image-available.png/480px-No-image-available.png,,"[42.14970905, 24.719840928]"
161.0,Bobby Dodd Stadium,55000.0,North America,United States,Atlanta,https://upload.wikimedia.org/wikipedia/commons/thumb/0/0a/No-image-available.png/480px-No-image-available.png,Georgia Tech Yellow Jackets football,"[33.772476, -84.392958895]"
162.0,Johan Cruijff Arena,54990.0,Europe,Netherlands,Amsterdam,https://upload.wikimedia.org/wikipedia/commons/thumb/0/0a/No-image-available.png/480px-No-image-available.png,AFC Ajax,"[52.31435305, 4.9428430891]"
163.0,Tianhe Stadium,54856.0,East Asia,China,"Guangzhou, Guangdong",https://upload.wikimedia.org/wikipedia/commons/thumb/0/0a/No-image-available.png/480px-No-image-available.png,,"[23.1405033, 113.3193596629]"
164.0,Stadio Diego Armando Maradona,54726.0,Europe,Italy,Naples,https://upload.wikimedia.org/wikipedia/commons/thumb/0/0a/No-image-available.png/480px-No-image-available.png,SSC Napoli,"[40.82797725, 14.1928889639]"
165.0,Tianjin Olympic Sports Centre Stadium,54696.0,East Asia,China,Tianjin,https://upload.wikimedia.org/wikipedia/commons/thumb/0/0a/No-image-available.png/480px-No-image-available.png,Tianjin Teda,"[39.3032619, 117.4163641]"
166.0,MERKUR SPIEL-ARENA,54600.0,Europe,Germany,Düsseldorf,https://upload.wikimedia.org/wikipedia/commons/thumb/0/0a/No-image-available.png/480px-No-image-available.png,Fortuna Düsseldorf,"[51.26162905, 6.7331516101]"
167.0,Boris Paitchadze Dinamo Arena,54549.0,West Asia,Georgia,Tbilisi,https://upload.wikimedia.org/wikipedia/commons/thumb/0/0a/No-image-available.png/480px-No-image-available.png,"Georgia national football team, FC Dinamo Tbilisi","[41.7230795, 44.7898057922]"
168.0,Wuhan Sports Centre Stadium,54357.0,East Asia,China,"Wuhan, Hubei",https://upload.wikimedia.org/wikipedia/commons/thumb/0/0a/No-image-available.png/480px-No-image-available.png,,"[30.50246795, 114.1661280796]"
169.0,BC Place Stadium,54320.0,North America,Canada,"Vancouver, British Columbia",https://upload.wikimedia.org/wikipedia/commons/thumb/0/0a/No-image-available.png/480px-No-image-available.png,"Vancouver Whitecaps FC, BC Lions","[49.2770655, -123.1095645]"
170.0,Yankee Stadium,54251.0,North America,United States,New York City,https://upload.wikimedia.org/wikipedia/commons/thumb/0/0a/No-image-available.png/480px-No-image-available.png,"New York Yankees, New York City FC","[40.82958275, -73.9265211849]"
171.0,Hrazdan Stadium,54208.0,West Asia,Armenia,Yerevan,https://upload.wikimedia.org/wikipedia/commons/thumb/0/0a/No-image-available.png/480px-No-image-available.png,"FC Ararat Yerevan, Ulisses FC","[40.18036705, 44.4946722922]"
172.0,BORUSSIA-PARK,54057.0,Europe,Germany,Mönchengladbach,https://upload.wikimedia.org/wikipedia/commons/thumb/0/0a/No-image-available.png/480px-No-image-available.png,Borussia Mönchengladbach,"[51.17462495, 6.3854093679]"
173.0,Moses Mabhida Stadium,54000.0,Africa,South Africa,"Durban, KwaZulu-Natal",https://upload.wikimedia.org/wikipedia/commons/thumb/0/0a/No-image-available.png/480px-No-image-available.png,"AmaZulu FC, Cell C Durban Sharks","[-29.8290201, 31.031374086]"
174.0,Busan Asiad Main Stadium,53864.0,East Asia,South Korea,Busan,https://upload.wikimedia.org/wikipedia/commons/thumb/0/0a/No-image-available.png/480px-No-image-available.png,Busan IPark,"[35.1900767, 129.0595481429]"
175.0,Estádio Estadual Jornalista Edgar Augusto Proença,53645.0,South America,Brazil,"Belém, Pará",https://upload.wikimedia.org/wikipedia/commons/thumb/0/0a/No-image-available.png/480px-No-image-available.png,"Paysandu SC, Clube do Remo, Tuna Luso Brasileira, SC Belem","[-1.3811727, -48.4439318073]"
176.0,Estadio Único Diego Armando Maradona,53600.0,South America,Argentina,La Plata,https://upload.wikimedia.org/wikipedia/commons/thumb/0/0a/No-image-available.png/480px-No-image-available.png,,"[-34.91384075, -57.9890476248]"
177.0,Adelaide Oval,53500.0,Oceania,Australia,"Adelaide, South Australia",https://upload.wikimedia.org/wikipedia/commons/thumb/0/0a/No-image-available.png/480px-No-image-available.png,"Adelaide Crows, Port Adelaide Powers","[-34.9155596, 138.5962772194]"
178.0,Docklands Stadium,53359.0,Oceania,Australia,"Melbourne, Victoria",https://upload.wikimedia.org/wikipedia/commons/thumb/0/0a/No-image-available.png/480px-No-image-available.png,"Western Bulldogs, Essendon, St. Kilda, Carlton, North Melbourne","[-37.816529, 144.9475169767]"
179.0,Estádio Municipal João Havelange,53350.0,South America,Brazil,"Uberlândia, Minas Gerais",https://upload.wikimedia.org/wikipedia/commons/thumb/0/0a/No-image-available.png/480px-No-image-available.png,Uberlânia EC,"[-18.9188041, -48.2767837]"
180.0,San Mamés,53332.0,Europe,Spain,Bilbao,https://upload.wikimedia.org/wikipedia/commons/thumb/0/0a/No-image-available.png/480px-No-image-available.png,Athletic Bilbao,"[43.264204, -2.9493914529]"
181.0,Aleppo International Stadium,53200.0,West Asia,Syria,Aleppo,https://upload.wikimedia.org/wikipedia/commons/thumb/0/0a/No-image-available.png/480px-No-image-available.png,Al-Ittihad,"[36.1849318, 37.1176418366]"
182.0,Estadio Nacional,53086.0,South America,Peru,Lima,https://upload.wikimedia.org/wikipedia/commons/thumb/0/0a/No-image-available.png/480px-No-image-available.png,Peru national football team,"[-12.0673803, -77.0337830272]"
183.0,Huanglong Stadium,52672.0,East Asia,China,"Hangzhou, Zhejiang",https://upload.wikimedia.org/wikipedia/commons/thumb/0/0a/No-image-available.png/480px-No-image-available.png,Hangzhou FC,"[30.2489634, 120.2052342]"
184.0,RAMS Park,52652.0,Europe,Turkey,Istanbul,https://upload.wikimedia.org/wikipedia/commons/thumb/0/0a/No-image-available.png/480px-No-image-available.png,Galatasaray,"[41.10342555, 28.9910379503]"
185.0,Suncorp Stadium,52500.0,Oceania,Australia,"Brisbane, Queensland",https://upload.wikimedia.org/wikipedia/commons/thumb/0/0a/No-image-available.png/480px-No-image-available.png,"Brisbane Broncos, Queensland Maroons, Brisbane Roar FC, Queensland Reds","[-27.46486025, 153.0096055]"
186.0,St. James' Park,52405.0,Europe,England,"Newcastle upon Tyne, North East",https://upload.wikimedia.org/wikipedia/commons/thumb/0/0a/No-image-available.png/480px-No-image-available.png,Newcastle United,"[54.9754693, -1.6218736662]"
187.0,Kings Park Stadium,52000.0,Africa,South Africa,"Durban, KwaZulu-Natal",https://upload.wikimedia.org/wikipedia/commons/thumb/0/0a/No-image-available.png/480px-No-image-available.png,"Lamontville Golden Arrows, Cell C Durban Sharks","[-29.82480505, 31.0289735201]"
188.0,Newlands Stadium,51900.0,Africa,South Africa,"Cape Town, Western Cape",https://upload.wikimedia.org/wikipedia/commons/thumb/0/0a/No-image-available.png/480px-No-image-available.png,,"[-33.9705226, 18.4685626255]"
189.0,Hampden Park,51866.0,Europe,Scotland,Glasgow,https://upload.wikimedia.org/wikipedia/commons/thumb/0/0a/No-image-available.png/480px-No-image-available.png,"Scotland national football team, Queen's Park","[55.82601405, -4.2519270725]"
190.0,Estadio Monumental de Maturín,51796.0,South America,Venezuela,Maturín,https://upload.wikimedia.org/wikipedia/commons/thumb/0/0a/No-image-available.png/480px-No-image-available.png,Monagas Sport Club,"[9.7422774, -63.1888854]"
191.0,Loftus Versfeld Stadium,51762.0,Africa,South Africa,"Pretoria, Gauteng",https://upload.wikimedia.org/wikipedia/commons/thumb/0/0a/No-image-available.png/480px-No-image-available.png,SuperSport United and Vodacom Pretoria Bulls,"[-25.75323475, 28.2229327477]"
192.0,Aviva Stadium,51700.0,Europe,Ireland,Dublin,https://upload.wikimedia.org/wikipedia/commons/thumb/0/0a/No-image-available.png/480px-No-image-available.png,"Leinster Rugby, Republic of Ireland national football team, Ireland national rugby union team","[53.3352254, -6.228185079]"
193.0,Guiyang Olympic Sports Centre Stadium,51638.0,East Asia,China,"Guiyang, Guizhou",https://upload.wikimedia.org/wikipedia/commons/thumb/0/0a/No-image-available.png/480px-No-image-available.png,,"[26.6206664, 106.605846725]"
194.0,Hohhot City Stadium,51632.0,East Asia,China,"Hohhot, Inner Mongolia",https://upload.wikimedia.org/wikipedia/commons/thumb/0/0a/No-image-available.png/480px-No-image-available.png,,"[40.85113965, 111.6504625053]"
195.0,Rajamangala National Stadium,51552.0,Southeast Asia,Thailand,Bangkok,https://upload.wikimedia.org/wikipedia/commons/thumb/0/0a/No-image-available.png/480px-No-image-available.png,Thailand national football team,"[13.75542905, 100.6221559457]"
196.0,Donbass Arena,51504.0,Europe,Ukraine,Donetsk,https://upload.wikimedia.org/wikipedia/commons/thumb/0/0a/No-image-available.png/480px-No-image-available.png,,"[48.02110375, 37.8090531358]"
197.0,Estadio Presidente Juan Domingo Perón,51389.0,South America,Argentina,Avellaneda,https://upload.wikimedia.org/wikipedia/commons/thumb/0/0a/No-image-available.png/480px-No-image-available.png,Racing Club de Avellaneda,"[-34.66756475, -58.3685047393]"
198.0,İzmir Atatürk Stadyumu,51295.0,West Asia,Turkey,İzmir,https://upload.wikimedia.org/wikipedia/commons/thumb/0/0a/No-image-available.png/480px-No-image-available.png,"Altay SK, Göztepe AŞ","[38.43498345, 27.17801135]"
199.0,Stadion Feijenoord,51117.0,Europe,Netherlands,Rotterdam,https://upload.wikimedia.org/wikipedia/commons/thumb/0/0a/No-image-available.png/480px-No-image-available.png,Feyenoord,"[51.8938646, 4.52322813]"
200.0,Estadio BBVA,51000.0,North America,Mexico,Monterrey,https://upload.wikimedia.org/wikipedia/commons/thumb/0/0a/No-image-available.png/480px-No-image-available.png,CF Monterrey,"[25.66911025, -100.244355943]"
201.0,Ghadir Stadium,51000.0,West Asia,Iran,Ahvaz,https://upload.wikimedia.org/wikipedia/commons/thumb/0/0a/No-image-available.png/480px-No-image-available.png,Foolad FC,"[31.3230637, 48.67932]"
202.0,Estádio José Pinheiro Borda,50942.0,South America,Brazil,Porto Alegre. Rio Grande do Sul,https://upload.wikimedia.org/wikipedia/commons/thumb/0/0a/No-image-available.png/480px-No-image-available.png,SC Internacional,"[-30.0654898, -51.2349177816]"
203.0,Ibrox Stadium,50817.0,Europe,Scotland,Glasgow,https://upload.wikimedia.org/wikipedia/commons/thumb/0/0a/No-image-available.png/480px-No-image-available.png,Rangers FC,"[55.85322065, -4.3093239146]"
204.0,Shizuoka Stadium,50889.0,East Asia,Japan,"Fukuroi, Shizuoka",https://upload.wikimedia.org/wikipedia/commons/thumb/0/0a/No-image-available.png/480px-No-image-available.png,"Júbilo Iwata, Shimizu S-Pulse, Shizuoka Blue Revs","[34.74343045, 137.9707288954]"
205.0,Ernst-Happel-Stadion,50865.0,Europe,Austria,Vienna,https://upload.wikimedia.org/wikipedia/commons/thumb/0/0a/No-image-available.png/480px-No-image-available.png,Austria national football team,"[48.20718935, 16.4209170657]"
206.0,Huntington Bank Stadium,50805.0,North America,United States,Minneapolis,https://upload.wikimedia.org/wikipedia/commons/thumb/0/0a/No-image-available.png/480px-No-image-available.png,Minnesota Golden Gophers football,"[44.97653965, -93.2231906825]"
207.0,Estadio Cuauhtémoc,50754.0,North America,Mexico,Puebla,https://upload.wikimedia.org/wikipedia/commons/thumb/0/0a/No-image-available.png/480px-No-image-available.png,Puebla FC,"[19.07798325, -98.1643375101]"
208.0,Friends Arena,50653.0,Europe,Sweden,Solna,https://upload.wikimedia.org/wikipedia/commons/thumb/0/0a/No-image-available.png/480px-No-image-available.png,"Sweden national football team, AIK Fotboll","[59.37250385, 18.0016672389]"
209.0,Ülker Stadyumu,50509.0,West Asia,Turkey,Istanbul,https://upload.wikimedia.org/wikipedia/commons/thumb/0/0a/No-image-available.png/480px-No-image-available.png,Fenerbahçe,"[40.98758065, 29.0369772993]"
210.0,Stanford Stadium,50424.0,North America,United States,"Palo Alto, California",https://upload.wikimedia.org/wikipedia/commons/thumb/0/0a/No-image-available.png/480px-No-image-available.png,,"[37.43453005, -122.1611629673]"
211.0,Stade Pierre-Mauroy,50186.0,Europe,France,Villeneuve-d'Ascq,https://upload.wikimedia.org/wikipedia/commons/thumb/0/0a/No-image-available.png/480px-No-image-available.png,Lille OSC,"[50.61190435, 3.1305079515]"
212.0,Stade Roi Baudouin,50122.0,Europe,Belgium,Brussels,https://upload.wikimedia.org/wikipedia/commons/thumb/0/0a/No-image-available.png/480px-No-image-available.png,Belgium national football team,"[50.89572205, 4.3341279219]"
213.0,Shaanxi Province Stadium,50100.0,East Asia,China,"Xi'an, Shaanxi",https://upload.wikimedia.org/wikipedia/commons/thumb/0/0a/No-image-available.png/480px-No-image-available.png,,"[34.23405415, 108.9365825799]"
214.0,Ajinomoto Stadium,50100.0,East Asia,Japan,"Chofu, Tokyo",https://upload.wikimedia.org/wikipedia/commons/thumb/0/0a/No-image-available.png/480px-No-image-available.png,"FC Tokyo, Tokyo Verdy, Tokyo Sungoliath, Toshiba Brave Lupus Tokyo","[35.66418645, 139.5270751782]"
215.0,Estádio José Alvalade,50095.0,Europe,Portugal,Lisbon,https://upload.wikimedia.org/wikipedia/commons/thumb/0/0a/No-image-available.png/480px-No-image-available.png,Sporting CP,"[38.7612164, -9.1607831347]"
216.0,Estádio do Dragão,50033.0,Europe,Portugal,Porto,https://upload.wikimedia.org/wikipedia/commons/thumb/0/0a/No-image-available.png/480px-No-image-available.png,FC Porto,"[41.16182355, -8.5837491985]"
217.0,Casa de Apostas Arena Fonte Nova,50025.0,South America,Brazil,"Salvador, Bahia",https://upload.wikimedia.org/wikipedia/commons/thumb/0/0a/No-image-available.png/480px-No-image-available.png,EC Bahia,"[-12.97888575, -38.503482173]"
218.0,Stade Olympique de Sousse,50000.0,Africa,Tunisia,Sousse,https://upload.wikimedia.org/wikipedia/commons/thumb/0/0a/No-image-available.png/480px-No-image-available.png,Étoile du Sahel,"[35.82349385, 10.6135121336]"
219.0,RheinEnergieSTADION,50000.0,Europe,Germany,Cologne,https://upload.wikimedia.org/wikipedia/commons/thumb/0/0a/No-image-available.png/480px-No-image-available.png,1. FC Köln,"[50.9335055, 6.8751167403]"
220.0,Harbin Sports City Centre Stadium,50000.0,East Asia,China,"Harbin, Heilongjiang",https://upload.wikimedia.org/wikipedia/commons/thumb/0/0a/No-image-available.png/480px-No-image-available.png,,"[45.7593633, 126.6276177]"
221.0,Greenfield International Stadium,50000.0,South Asia,India,Trivandrum,https://upload.wikimedia.org/wikipedia/commons/thumb/0/0a/No-image-available.png/480px-No-image-available.png,,"[8.5714901, 76.8844034693]"
222.0,EMS Stadium,50000.0,South Asia,India,Kozhikode,https://upload.wikimedia.org/wikipedia/commons/thumb/0/0a/No-image-available.png/480px-No-image-available.png,"India national football team, Gokulam Kerala FC","[11.2563999, 75.7856251492]"
223.0,KD Singh Babu Stadium,50000.0,South Asia,India,Lucknow,https://upload.wikimedia.org/wikipedia/commons/thumb/0/0a/No-image-available.png/480px-No-image-available.png,,"[26.8539449, 80.9368084]"
224.0,Eden Park,50000.0,Oceania,New Zealand,Auckland,https://upload.wikimedia.org/wikipedia/commons/thumb/0/0a/No-image-available.png/480px-No-image-available.png,"Auckland Blues, New Zealand Warriors","[-36.8750352, 174.7440567127]"
225.0,Estádio 11 de Novembro,50000.0,Africa,Angola,Luanda,https://upload.wikimedia.org/wikipedia/commons/thumb/0/0a/No-image-available.png/480px-No-image-available.png,"Angola national football team, Primeiro de Agosto, Petro Luanda","[-8.96992095, 13.2835310847]"
226.0,Henan Provincial Stadium,50000.0,East Asia,China,"Zhengzhou, Henan",https://upload.wikimedia.org/wikipedia/commons/thumb/0/0a/No-image-available.png/480px-No-image-available.png,,"[34.83750225, 113.6228539023]"
227.0,Jiangxi Olympic Sports Center,50000.0,East Asia,China,"Nanchang, Jiangxi",https://upload.wikimedia.org/wikipedia/commons/thumb/0/0a/No-image-available.png/480px-No-image-available.png,,"[28.687547, 115.8540042]"
228.0,Max-Morlock-Stadion,50000.0,Europe,Germany,Nuremberg,https://upload.wikimedia.org/wikipedia/commons/thumb/0/0a/No-image-available.png/480px-No-image-available.png,1. FC Nürnberg,"[49.42625695, 11.1256705957]"
229.0,June 11 Stadium,50000.0,Africa,Libya,Tripoli,https://upload.wikimedia.org/wikipedia/commons/thumb/0/0a/No-image-available.png/480px-No-image-available.png,"Libya, Al-Ahly SC, Al-Ittihad Tripoli, Al-Madina SC","[32.85990575, 13.1359000473]"
230.0,Xinjiang Sports Centre Stadium,50000.0,East Asia,China,"Urumqi, Xinjiang",https://upload.wikimedia.org/wikipedia/commons/thumb/0/0a/No-image-available.png/480px-No-image-available.png,,"[43.419754, 87.319461]"
231.0,Kim Il-sung Stadium,50000.0,East Asia,North Korea,Pyongyang,https://upload.wikimedia.org/wikipedia/commons/thumb/0/0a/No-image-available.png/480px-No-image-available.png,Pyongyang City Sports Club,"[39.04385845, 125.7577377209]"
232.0,EDION Stadium Hiroshima,50000.0,East Asia,Japan,Hiroshima,https://upload.wikimedia.org/wikipedia/commons/thumb/0/0a/No-image-available.png/480px-No-image-available.png,Sanfrecce Hiroshima,"[34.4407675, 132.3932182807]"
233.0,Pars Shiraz Stadium,50000.0,West Asia,Iran,Shiraz,https://upload.wikimedia.org/wikipedia/commons/thumb/0/0a/No-image-available.png/480px-No-image-available.png,Fajr Sepasi Shiraz FC,"[29.6060218, 52.5378041]"
234.0,Stade du 26 mars,50000.0,Africa,Mali,Bamako,https://upload.wikimedia.org/wikipedia/commons/thumb/0/0a/No-image-available.png/480px-No-image-available.png,Stade Malien,"[12.6043766, -7.9217373945]"
235.0,Stade Abdoulaye Wade,50000.0,Africa,Senegal,Dakar,https://upload.wikimedia.org/wikipedia/commons/thumb/0/0a/No-image-available.png/480px-No-image-available.png,Senegal national football team,"[14.73275715, -17.2014923439]"
236.0,Sultan Mizan Zainal Abidin Stadium,50000.0,Southeast Asia,Malaysia,Kuala Terengganu,https://upload.wikimedia.org/wikipedia/commons/thumb/0/0a/No-image-available.png/480px-No-image-available.png,Terengganu FA,"[5.36971345, 103.1056811603]"
237.0,Estadio Akron,49850.0,North America,Mexico,Guadalajara,https://upload.wikimedia.org/wikipedia/commons/thumb/0/0a/No-image-available.png/480px-No-image-available.png,C.D. Guadalajara,"[20.68177085, -103.4618463599]"
238.0,Levy Mwanawasa Stadium,49800.0,Africa,Zambia,Lusaka,https://upload.wikimedia.org/wikipedia/commons/thumb/0/0a/No-image-available.png/480px-No-image-available.png,Zesco United,"[-12.97553125, 28.611226774]"
239.0,Fritz-Walter-Stadion,49780.0,Europe,Germany,Kaiserslautern,https://upload.wikimedia.org/wikipedia/commons/thumb/0/0a/No-image-available.png/480px-No-image-available.png,1. FC Kaiserslautern,"[49.4345765, 7.7766302916]"
240.0,Estadio José Amalfitani,49540.0,South America,Argentina,Buenos Aires,https://upload.wikimedia.org/wikipedia/commons/thumb/0/0a/No-image-available.png/480px-No-image-available.png,CA Vélez Sársfield,"[-34.6353382, -58.520678813]"
241.0,Camille Chamoun Sports City Stadium,49500.0,West Asia,Lebanon,Beirut,https://upload.wikimedia.org/wikipedia/commons/thumb/0/0a/No-image-available.png/480px-No-image-available.png,"Lebanon national football team, Al Ahed FC, Al Ansar FC, Nejmeh SC","[33.86707815, 35.4951176168]"
242.0,Miyagi Stadium,49133.0,East Asia,Japan,"Rifu, Miyagi",https://upload.wikimedia.org/wikipedia/commons/thumb/0/0a/No-image-available.png/480px-No-image-available.png,Vegalta Sendai,"[38.3353606, 140.950456704]"
243.0,Incheon Munhak Stadium,49084.0,East Asia,South Korea,Incheon,https://upload.wikimedia.org/wikipedia/commons/thumb/0/0a/No-image-available.png/480px-No-image-available.png,,"[37.4350773, 126.6907515569]"
244.0,Heinz-von-Heiden-Arena,49000.0,Europe,Germany,Hanover,https://upload.wikimedia.org/wikipedia/commons/thumb/0/0a/No-image-available.png/480px-No-image-available.png,Hannover 96,"[52.36002595, 9.7310160501]"
245.0,Parc des Princes,48712.0,Europe,France,Paris,https://upload.wikimedia.org/wikipedia/commons/thumb/0/0a/No-image-available.png/480px-No-image-available.png,Paris Saint-Germain,"[48.8413634, 2.2530693162]"
246.0,Stadium of Light,48707.0,Europe,England,"Sunderland, Tyne and Wear",https://upload.wikimedia.org/wikipedia/commons/thumb/0/0a/No-image-available.png/480px-No-image-available.png,Sunderland AFC,"[54.9143953, -1.3882579326]"
247.0,Estadio Nacional,48665.0,South America,Chile,Santiago,https://upload.wikimedia.org/wikipedia/commons/thumb/0/0a/No-image-available.png/480px-No-image-available.png,"Chile national football team, CF Universidad de Chile","[-33.4623786, -70.6062119]"
248.0,Nelson Mandela Bay Stadium,48459.0,Africa,South Africa,"Port Elizabeth, Eastern Cape",https://upload.wikimedia.org/wikipedia/commons/thumb/0/0a/No-image-available.png/480px-No-image-available.png,Chippa United FC,"[-33.93779205, 25.599408729]"
249.0,Estadio Tomás Adolfo Ducó,48314.0,South America,Argentina,Buenos Aires,https://upload.wikimedia.org/wikipedia/commons/thumb/0/0a/No-image-available.png/480px-No-image-available.png,CA Huracán,"[-34.64306605, -58.3967982639]"
250.0,Jinnah Sports Stadium,48200.0,South Asia,Pakistan,Islamabad,https://upload.wikimedia.org/wikipedia/commons/thumb/0/0a/No-image-available.png/480px-No-image-available.png,Pakistan national football team,"[33.7004059, 73.0928603736]"
251.0,Estadio Libertadores de América,48069.0,South America,Argentina,Avellaneda,https://upload.wikimedia.org/wikipedia/commons/thumb/0/0a/No-image-available.png/480px-No-image-available.png,Club Atlético Independiente,"[-34.6702227, -58.3710378089]"
252.0,Free State Stadium,48000.0,Africa,South Africa,"Bloemfontein, Free State",https://upload.wikimedia.org/wikipedia/commons/thumb/0/0a/No-image-available.png/480px-No-image-available.png,"Bloemfontein Celtic, Toyota Cheetahs","[-29.1172351, 26.208769567]"
253.0,Nagai Stadium,47816.0,East Asia,Japan,Osaka,https://upload.wikimedia.org/wikipedia/commons/thumb/0/0a/No-image-available.png/480px-No-image-available.png,"Cerezo Osaka, NTT DoCoMo Red Hurricanes Osaka","[34.61410635, 135.5185109724]"
254.0,Neo Química Arena,47605.0,South America,Brazil,"São Paulo, São Paulo",https://upload.wikimedia.org/wikipedia/commons/thumb/0/0a/No-image-available.png/480px-No-image-available.png,Corinthians,"[-23.5452934, -46.4742864364]"
255.0,Rogers Centre,47568.0,North America,Canada,"Toronto, Ontario",https://upload.wikimedia.org/wikipedia/commons/thumb/0/0a/No-image-available.png/480px-No-image-available.png,"Toronto FC, Toronto Argonauts","[43.64165985, -79.3891976192]"
256.0,Estadio Monumental,47347.0,South America,Chile,Santiago,https://upload.wikimedia.org/wikipedia/commons/thumb/0/0a/No-image-available.png/480px-No-image-available.png,Colo-Colo,"[-33.50643725, -70.6059468107]"
257.0,Stadio Artemio Franchi,47282.0,Europe,Italy,Florence,https://upload.wikimedia.org/wikipedia/commons/thumb/0/0a/No-image-available.png/480px-No-image-available.png,ACF Fiorentina,"[43.32168675, 11.3261789672]"
258.0,Estadio Ciudad de Lanús – Néstor Díaz Pérez,47027.0,South America,Argentina,Lanús,https://upload.wikimedia.org/wikipedia/commons/thumb/0/0a/No-image-available.png/480px-No-image-available.png,CA Lanús,"[-34.71765845, -58.3839561641]"
259.0,Estadio Metropolitano Roberto Meléndez,46788.0,South America,Colombia,Barranquilla,https://upload.wikimedia.org/wikipedia/commons/thumb/0/0a/No-image-available.png/480px-No-image-available.png,"Colombia national football team, Atlético Junior","[10.9269548, -74.8005111089]"
260.0,Estádio Olímpico Nilton Santos,46831.0,South America,Brazil,"Rio de Janeiro, Rio de Janeiro",https://upload.wikimedia.org/wikipedia/commons/thumb/0/0a/No-image-available.png/480px-No-image-available.png,Botafogo FR,"[-22.893194, -43.2935690869]"
261.0,Itaipava Arena Pernambuco,46154.0,South America,Brazil,"São Lourenço da Mata, Pernambuco",https://upload.wikimedia.org/wikipedia/commons/thumb/0/0a/No-image-available.png/480px-No-image-available.png,Náutico,"[-8.04072965, -35.0082334312]"
262.0,Arena MRV,46000.0,South America,Brazil,"Belo Horizonte, Minas Gerais",https://upload.wikimedia.org/wikipedia/commons/thumb/0/0a/No-image-available.png/480px-No-image-available.png,C Atlético Mineiro,"[-19.9300116, -44.013881302]"
263.0,Estádio Paulo Constantino,45954.0,South America,Brazil,"Presidente Prudente, São Paulo",https://upload.wikimedia.org/wikipedia/commons/thumb/0/0a/No-image-available.png/480px-No-image-available.png,Grêmio Prudente,"[-22.098568, -51.4150621425]"
264.0,Estadio Atanasio Girardot,45739.0,South America,Colombia,Medellín,https://upload.wikimedia.org/wikipedia/commons/thumb/0/0a/No-image-available.png/480px-No-image-available.png,"Atlético Nacional, Independiente Medellín","[6.2568267, -75.5901467336]"
265.0,Estadio Ramón Sánchez Pizjuán,45500.0,Europe,Spain,Seville,https://upload.wikimedia.org/wikipedia/commons/thumb/0/0a/No-image-available.png/480px-No-image-available.png,Sevilla FC,"[37.3840876, -5.9706309025]"
266.0,Adrar Stadium,45480.0,Africa,Morocco,Agadir,https://upload.wikimedia.org/wikipedia/commons/thumb/0/0a/No-image-available.png/480px-No-image-available.png,Hassania Agadir,"[30.4274409, -9.5402539946]"
267.0,Lukoil Arena,45360.0,Europe,Russia,Moscow,https://upload.wikimedia.org/wikipedia/commons/thumb/0/0a/No-image-available.png/480px-No-image-available.png,Spartak Moscow,"[55.81758845, 37.4406099279]"
268.0,Grand stade de Marrakech,45240.0,Africa,Morocco,Marrakesh,https://upload.wikimedia.org/wikipedia/commons/thumb/0/0a/No-image-available.png/480px-No-image-available.png,Kawkab Marrakech,"[31.7070143, -7.980359]"
269.0,Mandela National Stadium,45202.0,Africa,Uganda,Kampala,https://upload.wikimedia.org/wikipedia/commons/thumb/0/0a/No-image-available.png/480px-No-image-available.png,Uganda national football team,"[0.3177137, 32.5813539]"
270.0,Tarczyński Arena Wrocław,45105.0,Europe,Poland,Wrocław,https://upload.wikimedia.org/wikipedia/commons/thumb/0/0a/No-image-available.png/480px-No-image-available.png,Śląsk Wrocław,"[51.14118615, 16.9438066875]"
271.0,Kazan Arena,45105.0,Europe,Russia,Kazan,https://upload.wikimedia.org/wikipedia/commons/thumb/0/0a/No-image-available.png/480px-No-image-available.png,Rubin Kazan,"[55.8231228, 49.1640243]"
272.0,Estadio Inca Garcilaso de la Vega,45056.0,South America,Peru,Cusco,https://upload.wikimedia.org/wikipedia/commons/thumb/0/0a/No-image-available.png/480px-No-image-available.png,"CS Cienciano, Deportivo Garcilaso, Cusco FC","[-13.5255188, -71.9664760884]"
273.0,Estádio da Machava,45000.0,Africa,Mozambique,Maputo,https://upload.wikimedia.org/wikipedia/commons/thumb/0/0a/No-image-available.png/480px-No-image-available.png,Mozambique national football team,"[-25.9174099, 32.5263788473]"
274.0,Stadion Gelora Bung Tomo,45000.0,Southeast Asia,Indonesia,"Surabaya, East Java",https://upload.wikimedia.org/wikipedia/commons/thumb/0/0a/No-image-available.png/480px-No-image-available.png,Persebaya Surabaya,"[-7.2230647, 112.622833]"
275.0,Stadion Harapan Banga,45000.0,Southeast Asia,Indonesia,"Banda Aceh, Aceh",https://upload.wikimedia.org/wikipedia/commons/thumb/0/0a/No-image-available.png/480px-No-image-available.png,"Persiraja, Aceh United","[5.5528455, 95.3192908]"
276.0,Estadio General Pablo Rojas,45000.0,South America,Paraguay,Asunción,https://upload.wikimedia.org/wikipedia/commons/thumb/0/0a/No-image-available.png/480px-No-image-available.png,Club Cerro Porteño,"[-25.2999926, -57.6376558181]"
277.0,Stade Mohammed V,45000.0,Africa,Morocco,Casablanca,https://upload.wikimedia.org/wikipedia/commons/thumb/0/0a/No-image-available.png/480px-No-image-available.png,"Wydad, Raja","[33.5945144, -7.6200284]"
278.0,Latakia Sports City Stadium,45000.0,West Asia,Syria,Latakia,https://upload.wikimedia.org/wikipedia/commons/thumb/0/0a/No-image-available.png/480px-No-image-available.png,,"[35.5200185, 35.7781044]"
279.0,Zibo Sports Centre Stadium,45000.0,East Asia,China,"Zibo, Shandong",https://upload.wikimedia.org/wikipedia/commons/thumb/0/0a/No-image-available.png/480px-No-image-available.png,,"[36.8132476, 117.9828384209]"
280.0,Weifang Sports Centre Stadium,45000.0,East Asia,China,"Weifang, Shandong",https://upload.wikimedia.org/wikipedia/commons/thumb/0/0a/No-image-available.png/480px-No-image-available.png,,"[36.72904755, 119.0630982788]"
281.0,Yantai Sports Park Stadium,45000.0,East Asia,China,"Yantai, Shandong",https://upload.wikimedia.org/wikipedia/commons/thumb/0/0a/No-image-available.png/480px-No-image-available.png,,"[37.462892, 121.4535599361]"
282.0,Stadium Tuanku Abdul Rahman,45000.0,Southeast Asia,Malaysia,Seremban,https://upload.wikimedia.org/wikipedia/commons/thumb/0/0a/No-image-available.png/480px-No-image-available.png,"ATM FA, Negeri Sembilan","[2.72623985, 101.9826176637]"
283.0,Stade du Complexe sportif de Fès,45000.0,Africa,Morocco,Fes,https://upload.wikimedia.org/wikipedia/commons/thumb/0/0a/No-image-available.png/480px-No-image-available.png,"Wydad de Fès, Maghreb de Fès","[34.00272, -4.9689618203]"
284.0,Lagos National Stadium,45000.0,Africa,Nigeria,Lagos,https://upload.wikimedia.org/wikipedia/commons/thumb/0/0a/No-image-available.png/480px-No-image-available.png,Nigeria national football team,"[6.49714245, 3.3649880389]"
285.0,Egyptian Army Stadium,45000.0,Africa,Egypt,Suez,https://upload.wikimedia.org/wikipedia/commons/thumb/0/0a/No-image-available.png/480px-No-image-available.png,,"[29.974498, 32.537086]"
286.0,Toyota Stadium,45000.0,East Asia,Japan,"Toyota City, Aichi",https://upload.wikimedia.org/wikipedia/commons/thumb/0/0a/No-image-available.png/480px-No-image-available.png,"Nagoya Grampus, Toyota Verblitz","[35.0845879, 137.1708735346]"
287.0,Zayed Sports City Stadium,45000.0,West Asia,United Arab Emirates,Abu Dhabi,https://upload.wikimedia.org/wikipedia/commons/thumb/0/0a/No-image-available.png/480px-No-image-available.png,,"[24.41612865, 54.4536300221]"
288.0,Red Bull Arena,44345.0,Europe,Germany,Leipzig,https://upload.wikimedia.org/wikipedia/commons/thumb/0/0a/No-image-available.png/480px-No-image-available.png,RB Leipzig,"[51.34570785, 12.348236087]"
289.0,Estádio Governador Alberto Tavares Silva,44200.0,South America,Brazil,Teresina,https://upload.wikimedia.org/wikipedia/commons/thumb/0/0a/No-image-available.png/480px-No-image-available.png,"River AC, EC Flamengo, Piauí EC, SE Tiradentes, Auto EC","[-5.1161379, -42.7928719931]"
290.0,Estádio Universitário Pedro Pedrossian,44200.0,South America,Brazil,"Campo Grande, Mato Grosso do Sul",https://upload.wikimedia.org/wikipedia/commons/thumb/0/0a/No-image-available.png/480px-No-image-available.png,"EC Comercial, Operário FC","[-20.4640173, -54.6162947]"
291.0,Ulsan Munsu Football Stadium,44102.0,East Asia,South Korea,Ulsan,https://upload.wikimedia.org/wikipedia/commons/thumb/0/0a/No-image-available.png/480px-No-image-available.png,Ulsan HD FC,"[35.53526295, 129.2594948509]"
292.0,Arena Pantanal,44097.0,South America,Brazil,"Cuiabá, Mato Grosso",https://upload.wikimedia.org/wikipedia/commons/thumb/0/0a/No-image-available.png/480px-No-image-available.png,"Cuiabá, Mixto EC","[-15.6040649, -56.12229889]"
293.0,Arena da Amazônia,44000.0,South America,Brazil,"Manaus, Amazonas",https://upload.wikimedia.org/wikipedia/commons/thumb/0/0a/No-image-available.png/480px-No-image-available.png,Nacional FC,"[-3.0831132, -60.0280051849]"
294.0,Suwon World Cup Stadium,43959.0,East Asia,South Korea,Suwon,https://upload.wikimedia.org/wikipedia/commons/thumb/0/0a/No-image-available.png/480px-No-image-available.png,Suwon Samsung Bluewings,"[37.2864084, 127.0368050204]"
295.0,Stadion Utama Riau,43923.0,Southeast Asia,Indonesia,"Pekanbaru, Riau",https://upload.wikimedia.org/wikipedia/commons/thumb/0/0a/No-image-available.png/480px-No-image-available.png,PSPS Pekanbaru,"[0.4834884, 101.3899056]"
296.0,Allianz Parque,43713.0,South America,Brazil,"São Paulo, São Paulo",https://upload.wikimedia.org/wikipedia/commons/thumb/0/0a/No-image-available.png/480px-No-image-available.png,SE Palmeiras,"[-23.52749715, -46.6785280781]"
297.0,Shandong Provincial Stadium,43700.0,East Asia,China,"Jinan, Shandong",https://upload.wikimedia.org/wikipedia/commons/thumb/0/0a/No-image-available.png/480px-No-image-available.png,,"[36.64647655, 117.0057846225]"
298.0,Polsat Plus Arena Gdańsk,43615.0,Europe,Poland,Gdańsk,https://upload.wikimedia.org/wikipedia/commons/thumb/0/0a/No-image-available.png/480px-No-image-available.png,Lechia Gdańsk,"[54.38991925, 18.6414870351]"
299.0,Estadio Pedro Bidegain,43494.0,South America,Argentina,Buenos Aires,https://upload.wikimedia.org/wikipedia/commons/thumb/0/0a/No-image-available.png/480px-No-image-available.png,CA San Lorenzo de Almagro,"[-34.6520812, -58.4400446644]"
300.0,Stadion Miejski w Poznaniu,43269.0,Europe,Poland,Poznań,https://upload.wikimedia.org/wikipedia/commons/thumb/0/0a/No-image-available.png/480px-No-image-available.png,"Lech Poznań, Warta Poznań","[52.4006632, 16.9197325918]"
301.0,Vasil Levski National Stadium,43230.0,Europe,Bulgaria,Sofia,https://upload.wikimedia.org/wikipedia/commons/thumb/0/0a/No-image-available.png/480px-No-image-available.png,Bulgaria national football team,"[42.6875707, 23.3352430586]"
302.0,Estadio Universidad San Marcos,43000.0,South America,Peru,Lima,https://upload.wikimedia.org/wikipedia/commons/thumb/0/0a/No-image-available.png/480px-No-image-available.png,Deportivo Universidad San Marcos,"[-12.0621065, -77.0365256]"
303.0,Ullevi,43000.0,Europe,Sweden,Gothenburg,https://upload.wikimedia.org/wikipedia/commons/thumb/0/0a/No-image-available.png/480px-No-image-available.png,Sweden women's national football team,"[57.7059197, 11.9873275989]"
304.0,Jinzhou Binhai Sports Centre Stadium,43000.0,East Asia,China,Jinzhou,https://upload.wikimedia.org/wikipedia/commons/thumb/0/0a/No-image-available.png/480px-No-image-available.png,,"[40.8723509, 121.0644040531]"
305.0,Estadio General Santander,42901.0,South America,Colombia,Cúcuta,https://upload.wikimedia.org/wikipedia/commons/thumb/0/0a/No-image-available.png/480px-No-image-available.png,Cúcuta Deportivo,"[7.89466265, -72.5018525203]"
306.0,Villa Park,42682.0,Europe,England,"Birmingham, West Midlands",https://upload.wikimedia.org/wikipedia/commons/thumb/0/0a/No-image-available.png/480px-No-image-available.png,Aston Villa,"[52.5091264, -1.8850354312]"
307.0,Perak Stadium,42500.0,Southeast Asia,Malaysia,Perak,https://upload.wikimedia.org/wikipedia/commons/thumb/0/0a/No-image-available.png/480px-No-image-available.png,Perak FA,"[4.6094268, 101.1035452187]"
308.0,Jeonju World Cup Stadium,42477.0,East Asia,South Korea,Jeonju,https://upload.wikimedia.org/wikipedia/commons/thumb/0/0a/No-image-available.png/480px-No-image-available.png,Jeonbuk Hyundai Motors FC,"[35.8678074, 127.0645890698]"
309.0,Ligga Arena,42372.0,South America,Brazil,"Curitiba, Paraná",https://upload.wikimedia.org/wikipedia/commons/thumb/0/0a/No-image-available.png/480px-No-image-available.png,Athletico Paranaense,"[-25.44829025, -49.2769379717]"
310.0,Weserstadion,42358.0,Europe,Germany,Bremen,https://upload.wikimedia.org/wikipedia/commons/thumb/0/0a/No-image-available.png/480px-No-image-available.png,SV Werder Bremen,"[53.06644785, 8.8376718151]"
311.0,Denka Big Swan Stadium,42300.0,East Asia,Japan,"Niigata, Niigata",https://upload.wikimedia.org/wikipedia/commons/thumb/0/0a/No-image-available.png/480px-No-image-available.png,Albirex Niigata,"[37.88257595, 139.0591584074]"
312.0,Estadio Olimpico Metropolitano de Mérida,42200.0,South America,Venezuela,Mérida,https://upload.wikimedia.org/wikipedia/commons/thumb/0/0a/No-image-available.png/480px-No-image-available.png,Estudiantes de Mérida,"[8.55586575, -71.2179965253]"
313.0,Daejeon World Cup Stadium,42176.0,East Asia,South Korea,Daejeon,https://upload.wikimedia.org/wikipedia/commons/thumb/0/0a/No-image-available.png/480px-No-image-available.png,Daejeon Citizen,"[36.36525335, 127.3251074229]"
314.0,Matmut ATLANTIQUE,42115.0,Europe,France,Bordeaux,https://upload.wikimedia.org/wikipedia/commons/thumb/0/0a/No-image-available.png/480px-No-image-available.png,FC Girondins de Bordeaux,"[44.89735695, -0.5616058309]"
315.0,Helsingin Olympiastadion,42062.0,Europe,Finland,Helsinki,https://upload.wikimedia.org/wikipedia/commons/thumb/0/0a/No-image-available.png/480px-No-image-available.png,Finland national football team,"[60.1870012, 24.9272509368]"
316.0,Estádio Serra Dourada,42000.0,South America,Brazil,"Goiânia, Goiás",https://upload.wikimedia.org/wikipedia/commons/thumb/0/0a/No-image-available.png/480px-No-image-available.png,"Goiás Esporte Clube, Vila Nova, Atlético Goianiense","[-16.69906535, -49.2331877757]"
317.0,Estadio Deportivo Cali,42000.0,South America,Colombia,Cali,https://upload.wikimedia.org/wikipedia/commons/thumb/0/0a/No-image-available.png/480px-No-image-available.png,Deportivo Cali,"[3.52168105, -76.4170625586]"
318.0,Estadio Modelo Alberto Spencer,42000.0,South America,Ecuador,Guayaquil,https://upload.wikimedia.org/wikipedia/commons/thumb/0/0a/No-image-available.png/480px-No-image-available.png,"Club Sport Patria, Club Deportivo Everest, Panamá Sporting Club, Rocafuerte Fútbol Club","[-2.1789233, -79.8943537672]"
319.0,Estádio do Zimpeto,42000.0,Africa,Mozambique,Maputo,https://upload.wikimedia.org/wikipedia/commons/thumb/0/0a/No-image-available.png/480px-No-image-available.png,Mozambique national football team,"[-25.82765365, 32.5749811153]"
320.0,Chengdu Sports Centre Stadium,42000.0,East Asia,China,"Chengdu, Sichuan",https://upload.wikimedia.org/wikipedia/commons/thumb/0/0a/No-image-available.png/480px-No-image-available.png,,"[30.7001324, 104.0708278]"
321.0,Royal Bafokeng Stadium,42000.0,Africa,South Africa,"Phokeng, North West",https://upload.wikimedia.org/wikipedia/commons/thumb/0/0a/No-image-available.png/480px-No-image-available.png,,"[-25.57877625, 27.1609204498]"
322.0,Estadio Universitario,42000.0,North America,Mexico,San Nicolás de los Garza,https://upload.wikimedia.org/wikipedia/commons/thumb/0/0a/No-image-available.png/480px-No-image-available.png,Tigres de la UANL,"[25.72260665, -100.3119862931]"
323.0,Estadio Brigadier General Estanislao López,42000.0,South America,Argentina,Santa Fe,https://upload.wikimedia.org/wikipedia/commons/thumb/0/0a/No-image-available.png/480px-No-image-available.png,Club Atlético Colón,"[-31.6632166, -60.7252464548]"
324.0,Estadio Marcelo Bielsa,42000.0,South America,Argentina,Rosario,https://upload.wikimedia.org/wikipedia/commons/thumb/0/0a/No-image-available.png/480px-No-image-available.png,Newell's Old Boys,"[-32.9561671, -60.661370864]"
325.0,Stade Geoffroy-Guichard,41965.0,Europe,France,Saint-Étienne,https://upload.wikimedia.org/wikipedia/commons/thumb/0/0a/No-image-available.png/480px-No-image-available.png,AS Saint-Étienne,"[45.46075665, 4.3900932074]"
326.0,Vodafone Park,41903.0,Europe,Turkey,Istanbul,https://upload.wikimedia.org/wikipedia/commons/thumb/0/0a/No-image-available.png/480px-No-image-available.png,Beşiktaş J.K.,"[41.0766019, 29.052495]"
327.0,Peter Mokaba Stadium,41733.0,Africa,South Africa,Polokwane,https://upload.wikimedia.org/wikipedia/commons/thumb/0/0a/No-image-available.png/480px-No-image-available.png,Polokwane City FC,"[-23.92480585, 29.467960091]"
328.0,Estadio Gigante de Arroyito,41654.0,South America,Argentina,Rosario,https://upload.wikimedia.org/wikipedia/commons/thumb/0/0a/No-image-available.png/480px-No-image-available.png,Rosario Central,"[-32.91402295, -60.6744989877]"
329.0,Estadio Cachamay,41600.0,South America,Venezuela,Ciudad Guayana,https://upload.wikimedia.org/wikipedia/commons/thumb/0/0a/No-image-available.png/480px-No-image-available.png,"Atlético Club Mineros de Guayana, AC Minervén FC","[8.3126855, -62.6963395314]"
330.0,Estadio de Liga Deportiva Universitaria,41596.0,South America,Ecuador,Quito,https://upload.wikimedia.org/wikipedia/commons/thumb/0/0a/No-image-available.png/480px-No-image-available.png,LDU,"[-0.1077231, -78.4890768103]"
331.0,Allianz Stadium,41507.0,Europe,Italy,"Turin, Piedmont",https://upload.wikimedia.org/wikipedia/commons/thumb/0/0a/No-image-available.png/480px-No-image-available.png,Juventus FC,"[45.10957585, 7.6421338003]"
332.0,Sapporo Dome,41484.0,East Asia,Japan,"Sapporo, Hokkaido",https://upload.wikimedia.org/wikipedia/commons/thumb/0/0a/No-image-available.png/480px-No-image-available.png,Hokkaido Consadole Sapporo,"[43.0147798, 141.4097434427]"
333.0,Stamford Bridge,41663.0,Europe,England,London,https://upload.wikimedia.org/wikipedia/commons/thumb/0/0a/No-image-available.png/480px-No-image-available.png,Chelsea,"[51.4816865, -0.1910351767]"
334.0,Goyang Stadium,41311.0,East Asia,South Korea,Goyang,https://upload.wikimedia.org/wikipedia/commons/thumb/0/0a/No-image-available.png/480px-No-image-available.png,,"[37.6764849, 126.743153794]"
335.0,Estadio Hernando Siles,41143.0,South America,Bolivia,La Paz,https://upload.wikimedia.org/wikipedia/commons/thumb/0/0a/No-image-available.png/480px-No-image-available.png,"La Paz FC, Club Bolívar, The Strongest","[-16.4994503, -68.122853236]"
336.0,Bingu National Stadium,41100.0,Africa,Malawi,Lilongwe,https://upload.wikimedia.org/wikipedia/commons/thumb/0/0a/No-image-available.png/480px-No-image-available.png,"Flames, Big Bullets FC","[-13.9438618, 33.7531969012]"
337.0,Mbombela Stadium,40929.0,Africa,South Africa,"Nelspruit, Mpumalanga",https://upload.wikimedia.org/wikipedia/commons/thumb/0/0a/No-image-available.png/480px-No-image-available.png,,"[-25.4617294, 30.9296898975]"
338.0,Estadio José Pachencho Romero,40800.0,South America,Venezuela,Maracaibo,https://upload.wikimedia.org/wikipedia/commons/thumb/0/0a/No-image-available.png/480px-No-image-available.png,"Deportivo JBL del Zulia, Deportivo Rayo Zuliano","[10.6740483, -71.644999049]"
339.0,Stade Nelson Mandela,40784.0,Africa,Algeria,Algiers,https://upload.wikimedia.org/wikipedia/commons/thumb/0/0a/No-image-available.png/480px-No-image-available.png,Algeria national football team,"[36.69394285, 3.1220307427]"
340.0,Kashima Football Stadium,40728.0,East Asia,Japan,"Kashima, Ibaraki",https://upload.wikimedia.org/wikipedia/commons/thumb/0/0a/No-image-available.png/480px-No-image-available.png,Kashima Antlers,"[35.9920049, 140.6403678666]"
341.0,Baba Yara Stadium,40528.0,Africa,Ghana,Kumasi,https://upload.wikimedia.org/wikipedia/commons/thumb/0/0a/No-image-available.png/480px-No-image-available.png,"Asante Kotoko, King Faisal Babes","[6.68217, -1.6050641736]"
342.0,Estádio Major Antônio Couto Pereira,40502.0,South America,Brazil,"Curitiba, Paraná",https://upload.wikimedia.org/wikipedia/commons/thumb/0/0a/No-image-available.png/480px-No-image-available.png,Coritiba Foot Ball Club,"[-25.4214376, -49.2597566826]"
343.0,Stage Front Stadium,40500.0,Europe,Spain,Barcelona,https://upload.wikimedia.org/wikipedia/commons/thumb/0/0a/No-image-available.png/480px-No-image-available.png,RCD Espanyol,"[41.3478069, 2.0748019533]"
344.0,Estadio Metropolitano de fútbol de Lara,40312.0,South America,Venezuela,Barquisimeto,https://upload.wikimedia.org/wikipedia/commons/thumb/0/0a/No-image-available.png/480px-No-image-available.png,Unión Lara,"[10.0774374, -69.3222293]"
345.0,Estadio Malvinas Argentinas,40268.0,South America,Argentina,Mendoza,https://upload.wikimedia.org/wikipedia/commons/thumb/0/0a/No-image-available.png/480px-No-image-available.png,Godoy Cruz Antonio Tomba,"[-32.8896213, -68.8799004653]"
346.0,Stadion Lukas Enembe,40263.0,Southeast Asia,Indonesia,Nolokla,https://upload.wikimedia.org/wikipedia/commons/thumb/0/0a/No-image-available.png/480px-No-image-available.png,Persipura Jayapura,"[-2.5789948, 140.5734833758]"
347.0,Gwangju World Cup Stadium,40245.0,East Asia,South Korea,Gwangju,https://upload.wikimedia.org/wikipedia/commons/thumb/0/0a/No-image-available.png/480px-No-image-available.png,Gwangju FC,"[35.133695, 126.8749872074]"
348.0,Sân vận động Quốc gia Mỹ Đình,40192.0,Southeast Asia,Vietnam,Hanoi,https://upload.wikimedia.org/wikipedia/commons/thumb/0/0a/No-image-available.png/480px-No-image-available.png,Vietnam national football team,"[21.02050265, 105.7639271167]"
349.0,Goodison Park,40157.0,Europe,England,"Liverpool, North West",https://upload.wikimedia.org/wikipedia/commons/thumb/0/0a/No-image-available.png/480px-No-image-available.png,Everton FC,"[53.43868975, -2.9664192835]"
350.0,Estádio Governador João Castelo,40149.0,South America,Brazil,"São Luís, Maranhão",https://upload.wikimedia.org/wikipedia/commons/thumb/0/0a/No-image-available.png/480px-No-image-available.png,"Sampaio Corrêa FC, Moto Club SL, Maranhão AC","[-2.54875695, -44.2609513387]"
351.0,Stade Miloud-Hadefi,40143.0,Africa,Algeria,Oran,https://upload.wikimedia.org/wikipedia/commons/thumb/0/0a/No-image-available.png/480px-No-image-available.png,"Algeria national football team, MC Oran","[35.72853115, -0.5494977815]"
352.0,Estadio Campeón del Siglo,40005.0,South America,Uruguay,Montevideo,https://upload.wikimedia.org/wikipedia/commons/thumb/0/0a/No-image-available.png/480px-No-image-available.png,Club Atlético Peñarol,"[-34.79792835, -56.066255238]"
353.0,Metalist Stadium,40003.0,Europe,Ukraine,Kharkiv,https://upload.wikimedia.org/wikipedia/commons/thumb/0/0a/No-image-available.png/480px-No-image-available.png,"FC Metalist Kharkiv, FC Shakhtar Donetsk","[49.980863, 36.2615759632]"
354.0,Al-Janoub Stadium,40000.0,West Asia,Qatar,Al-Wakrah,https://upload.wikimedia.org/wikipedia/commons/thumb/0/0a/No-image-available.png/480px-No-image-available.png,,"[25.15970785, 51.5742271021]"
355.0,Al-Thumama Stadium,40000.0,West Asia,Qatar,Al-Thumama,https://upload.wikimedia.org/wikipedia/commons/thumb/0/0a/No-image-available.png/480px-No-image-available.png,,"[25.2353106, 51.5329152492]"
356.0,Stade Ahmed-Zabana,40000.0,Africa,Algeria,Oran,https://upload.wikimedia.org/wikipedia/commons/thumb/0/0a/No-image-available.png/480px-No-image-available.png,MC Oran,"[35.683357, -0.6365156098]"
357.0,Stadion Batakan,40000.0,Southeast Asia,Indonesia,"Balikpapan, East Kalimantan",https://upload.wikimedia.org/wikipedia/commons/thumb/0/0a/No-image-available.png/480px-No-image-available.png,Persiba Balikpapan,"[-1.2398711, 116.8593379]"
358.0,Stadion Gelora Joko Samudro,40000.0,Southeast Asia,Indonesia,"Gresik, East Java",https://upload.wikimedia.org/wikipedia/commons/thumb/0/0a/No-image-available.png/480px-No-image-available.png,Gresik United,"[-5.79334655, 112.6598223201]"
359.0,Fisht Olympic Stadium,40000.0,Europe,Russia,Sochi,https://upload.wikimedia.org/wikipedia/commons/thumb/0/0a/No-image-available.png/480px-No-image-available.png,,"[43.5854823, 39.723109]"
360.0,Rentschler Field,40000.0,North America,United States,"East Hartford, Connecticut",https://upload.wikimedia.org/wikipedia/commons/thumb/0/0a/No-image-available.png/480px-No-image-available.png,,"[41.7596149, -72.6188369052]"
361.0,Jawaharlal Nehru Stadium,40000.0,South Asia,India,Kochi,https://upload.wikimedia.org/wikipedia/commons/thumb/0/0a/No-image-available.png/480px-No-image-available.png,"Kerala Blasters, India national football team","[9.9674277, 76.2454436]"
362.0,Hang Jebat Stadium,40000.0,Southeast Asia,Malaysia,Malacca,https://upload.wikimedia.org/wikipedia/commons/thumb/0/0a/No-image-available.png/480px-No-image-available.png,Melaka United,"[2.28853045, 102.2330317208]"
363.0,Hong Kong Stadium,40000.0,East Asia,Hong Kong,So Kon Po,https://upload.wikimedia.org/wikipedia/commons/thumb/0/0a/No-image-available.png/480px-No-image-available.png,South China AA,"[22.27314255, 114.1886523093]"
364.0,Stadium Negeri Pulau Pinang,40000.0,Southeast Asia,Malaysia,Batu Kawan,https://upload.wikimedia.org/wikipedia/commons/thumb/0/0a/No-image-available.png/480px-No-image-available.png,Penang FA,"[5.2614822, 100.4363541347]"
365.0,Accra Sports Stadium,40000.0,Africa,Ghana,Accra,https://upload.wikimedia.org/wikipedia/commons/thumb/0/0a/No-image-available.png/480px-No-image-available.png,"Accra Hearts of Oak SC, Great Olympics","[5.5515153, -0.192335142]"
366.0,Sarawak Stadium,40000.0,Southeast Asia,Malaysia,Kuching,https://upload.wikimedia.org/wikipedia/commons/thumb/0/0a/No-image-available.png/480px-No-image-available.png,Sarawak FA,"[1.58852325, 110.3593436303]"
367.0,Bogyoke Aung San Stadium,40000.0,Southeast Asia,Myanmar,Yangon,https://upload.wikimedia.org/wikipedia/commons/thumb/0/0a/No-image-available.png/480px-No-image-available.png,Yangon United FC,"[16.7838408, 96.1606229155]"
368.0,Resonac Dome Ōita,40000.0,East Asia,Japan,Ōita,https://upload.wikimedia.org/wikipedia/commons/thumb/0/0a/No-image-available.png/480px-No-image-available.png,Ōita Trinita,"[33.20078235, 131.6574852132]"
369.0,Stadium Darul Makmur,40000.0,Southeast Asia,Malaysia,Kuantan,https://upload.wikimedia.org/wikipedia/commons/thumb/0/0a/No-image-available.png/480px-No-image-available.png,Pahang FA,"[3.81538875, 103.3236608115]"
370.0,Khalifa International Stadium,40000.0,West Asia,Qatar,Doha,https://upload.wikimedia.org/wikipedia/commons/thumb/0/0a/No-image-available.png/480px-No-image-available.png,Qatar national football team,"[25.26365305, 51.4492244658]"
371.0,Stade de l’Amitié sino-gabonaise,40000.0,Africa,Gabon,Libreville,https://upload.wikimedia.org/wikipedia/commons/thumb/0/0a/No-image-available.png/480px-No-image-available.png,Gabon national football team,"[0.5218802, 9.392935905]"
372.0,Peoples Football Stadium,40000.0,South Asia,Pakistan,Karachi,https://upload.wikimedia.org/wikipedia/commons/thumb/0/0a/No-image-available.png/480px-No-image-available.png,Pakistan national football team,"[24.8582424, 66.9875836]"
373.0,JRD Tata Sports Complex Stadium,40000.0,South Asia,India,Jamshedpur,https://upload.wikimedia.org/wikipedia/commons/thumb/0/0a/No-image-available.png/480px-No-image-available.png,"Jamshedpur FC, Tata Football Academy","[22.80602985, 86.1935297085]"
374.0,Bao'an Stadium,40000.0,East Asia,China,"Shenzhen, Guangdong",https://upload.wikimedia.org/wikipedia/commons/thumb/0/0a/No-image-available.png/480px-No-image-available.png,,"[22.5632358, 113.8764671]"
375.0,Kunming Tuodong Sports Centre Stadium,40000.0,East Asia,China,"Kunming, Yunnan",https://upload.wikimedia.org/wikipedia/commons/thumb/0/0a/No-image-available.png/480px-No-image-available.png,China national football team,"[25.0363006, 102.7086139]"
376.0,Taizhou Sports Centre Stadium,40000.0,East Asia,China,"Taizhou, Zhejiang",https://upload.wikimedia.org/wikipedia/commons/thumb/0/0a/No-image-available.png/480px-No-image-available.png,,"[28.6496194, 121.3953789788]"
377.0,Wuhu Olympic Stadium,40000.0,East Asia,China,"Wuhu, Anhui",https://upload.wikimedia.org/wikipedia/commons/thumb/0/0a/No-image-available.png/480px-No-image-available.png,,"[31.1800568, 118.2141777]"
378.0,Huizhou Olympic Stadium,40000.0,East Asia,China,"Huizhou, Guangdong",https://upload.wikimedia.org/wikipedia/commons/thumb/0/0a/No-image-available.png/480px-No-image-available.png,,"[23.03555805, 114.4415201147]"
